OrganizationIdentifier,MonitoringLocationID,MonitoringLocationName,MonitoringLocationTypeName,LatitudeMeasure,LongitudeMeasure,AUID,WBID,PortionDes,SegmentID
USGS-CO,USGS-09063000,"EAGLE RIVER AT RED CLIFF, CO.",Stream,39.50831949,-106.3666948,COUCEA02_B,COUCEA02,Mainstem of the Eagle River from the source to Peterson Creek.,COUCEA02_B
USGS-CO,USGS-09064600,"EAGLE RIVER NEAR MINTURN, CO",Stream,39.55387495,-106.402529,COUCEA05a_C,COUCEA05a,Mainstem of the Eagle River from a point located 600 ft upstream of Rock Creek to a point immediately above the Highway 24 Bridge near Tigiwon Road.,COUCEA05a_C
USGS-CO,USGS-09065500,"GORE CREEK AT UPPER STATION, NEAR MINTURN, CO.",Stream,39.6258193,-106.2780823,COUCEA01_A,COUCEA01,"All tributaries to the Eagle River, including all wetlands, within the Gore Range - Eagles Nest and Holy Cross Wilderness Areas.",COUCEA01_A
USGS-CO,USGS-09066325,"GORE CREEK ABV RED SANDSTONE CREEK AT VAIL, CO",Stream,39.6410971,-106.3947515,COUCEA08_A,COUCEA08,Mainstem of Gore Creek from the confluence with Black Gore Creek to the confluence with the Eagle River.,COUCEA08_A
USGS-CO,USGS-09066510,"GORE CREEK AT MOUTH NEAR MINTURN, CO",Stream,39.60943048,-106.447808,COUCEA08_A,COUCEA08,Mainstem of Gore Creek from the confluence with Black Gore Creek to the confluence with the Eagle River.,COUCEA08_A
USGS-CO,USGS-09067005,"EAGLE RIVER AT AVON, CO.",Stream,39.6316527,-106.5225318,COUCEA09a_A,COUCEA09a,Eagle River from Gore Creek to confluence with Berry Creek.,COUCEA09a_A
USGS-CO,USGS-09067200,"LAKE CREEK NEAR EDWARDS, CO",Stream,39.647486,-106.6092003,COUCEA06_C,COUCEA06,Lake Creek from below the confluence with East and West Lake Creek to the mouth.,COUCEA06_C
USGS-CO,USGS-09068500,"BRUSH CREEK AT EAGLE, CO",Stream,39.647,-106.8415278,COUCEA12_A,COUCEA12,"Mainstem of Brush Creek, from the source to the confluence with the Eagle River, including the East and West Forks.",COUCEA12_A
USGS-CO,USGS-09069000,"EAGLE RIVER AT GYPSUM, CO",Stream,39.6499851,-106.9522665,COUCEA09c_C,COUCEA09c,"Mainstem of the Eagle River from a point immediately below the confluence with Warren Gulch (39.6785, -106.7645) to the confluence with the Colorado River.",COUCEA09c_C
USGS-CO,USGS-09070000,"EAGLE RIVER BELOW GYPSUM, CO.",Stream,39.64942954,-106.9536554,COUCEA09c_C,COUCEA09c,"Mainstem of the Eagle River from a point immediately below the confluence with Warren Gulch (39.6785, -106.7645) to the confluence with the Colorado River.",COUCEA09c_C
USGS-CO,USGS-393627106264000,"EAGLE RIVER ABOVE GORE CREEK NR. MINTURN, CO",Stream,39.607486,-106.4450301,COUCEA05c_A,COUCEA05c,Mainstem of the Eagle River from a point immediately above Martin Creek to a point immediately above the confluence with Gore Creek.,COUCEA05c_A
USGS-CO,USGS-394220106431500,"EAGLE RIVER BELOW MILK CREEK NEAR WOLCOTT, CO",Stream,39.705,-106.7258333,COUCEA09c_B,COUCEA09c,"Mainstem of the Eagle River from a point immediately below the confluence with Rube Creek to Warren Gulch (39.6785, -106.7645).",COUCEA09c_B
21COL001_WQX,21COL001_WQX-000052,EAGLE RIVER AT GYPSUM,River/Stream,39.64993,-106.95238,COUCEA09c_C,COUCEA09c,"Mainstem of the Eagle River from a point immediately below the confluence with Warren Gulch (39.6785, -106.7645) to the confluence with the Colorado River.",COUCEA09c_C
21COL001_WQX,21COL001_WQX-000074,GORE CREEK AT MOUTH,River/Stream,39.609258,-106.44911,COUCEA08_A,COUCEA08,Mainstem of Gore Creek from the confluence with Black Gore Creek to the confluence with the Eagle River.,COUCEA08_A
21COL001_WQX,21COL001_WQX-12500,EAGLE RIVER @ RIVER DANCE RV RESORT,River/Stream,39.64649,-107.00177,COUCEA09c_C,COUCEA09c,"Mainstem of the Eagle River from a point immediately below the confluence with Warren Gulch (39.6785, -106.7645) to the confluence with the Colorado River.",COUCEA09c_C
21COL001_WQX,21COL001_WQX-12520,EBY CK. NR US HWY 6,River/Stream,39.659612,-106.829752,COUCEA10a_B,COUCEA10a,Eby Creek and tributaries.,COUCEA10a_B
21COL001_WQX,21COL001_WQX-12563,CROSS CK @ MALOIT,River/Stream,39.563395,-106.418015,COUCEA07a_A,COUCEA07a,"Mainstem of Cross Creek from the source to a point immediately below the Minturn Middle School, except for those waters included in Segment 1.",COUCEA07a_A
21COL001_WQX,21COL001_WQX-12574A,MILK CREEK AT HORSE MOUNTAIN RD,River/Stream,39.757406,-106.773821,COUCEA11_A,COUCEA11,Mainstem of Alkali Creek (near Wolcott) from the source to the confluence with the Eagle River. Mainstem of Milk Creek from the source to the confluence with the Eagle River.,COUCEA11_A
21COL001_WQX,21COL001_WQX-12574B,MILK CREEK AT MILK CREEK RD.,River/Stream,39.737126,-106.71167,COUCEA11_A,COUCEA11,Mainstem of Alkali Creek (near Wolcott) from the source to the confluence with the Eagle River. Mainstem of Milk Creek from the source to the confluence with the Eagle River.,COUCEA11_A
21COL001_WQX,21COL001_WQX-12575,ALKALI CK NEAR WOLCOTT,River/Stream,39.72953683,-106.6783052,COUCEA11_A,COUCEA11,Mainstem of Alkali Creek (near Wolcott) from the source to the confluence with the Eagle River. Mainstem of Milk Creek from the source to the confluence with the Eagle River.,COUCEA11_A
21COL001_WQX,21COL001_WQX-12580,ALKALI CREEK AT ALKALI CREEK RD NEAR CASTLE PEAKS WSA,River/Stream,39.76738433,-106.6887813,COUCEA11_A,COUCEA11,Mainstem of Alkali Creek (near Wolcott) from the source to the confluence with the Eagle River. Mainstem of Milk Creek from the source to the confluence with the Eagle River.,COUCEA11_A
21COL001_WQX,21COL001_WQX-CO0021369-D/S,Gore Creek at the Mouth D/S of CO0021369 Eagle River WSD,River/Stream,39.609444,-106.447222,COUCEA08_A,COUCEA08,Mainstem of Gore Creek from the confluence with Black Gore Creek to the confluence with the Eagle River.,COUCEA08_A
21COL001_WQX,21COL001_WQX-CO0021369-U/S,Gore Creek at Forest Road U/S of CO0021369 Eagle R WSD,River/Stream,39.641247,-106.393671,COUCEA08_A,COUCEA08,Mainstem of Gore Creek from the confluence with Black Gore Creek to the confluence with the Eagle River.,COUCEA08_A
21COL001_WQX,21COL001_WQX-CO0024431-D/S,Eagle River D/S of CO0024431 outfall,River/Stream,39.705,-106.7258,COUCEA09c_B,COUCEA09c,"Mainstem of the Eagle River from a point immediately below the confluence with Rube Creek to Warren Gulch (39.6785, -106.7645).",COUCEA09c_B
21COL001_WQX,21COL001_WQX-CO0024431-U/S,Eagle R U/S of CO0024431-001A Eagle River WSD,River/Stream,39.6349,-106.5296,COUCEA09a_A,COUCEA09a,Eagle River from Gore Creek to confluence with Berry Creek.,COUCEA09a_A
21COL001_WQX,21COL001_WQX-CO0037311-D/S,Eagle River d/s of CO0037311 Eagle River WSD,River/Stream,39.705,-106.7258,COUCEA09c_B,COUCEA09c,"Mainstem of the Eagle River from a point immediately below the confluence with Rube Creek to Warren Gulch (39.6785, -106.7645).",COUCEA09c_B
21COL001_WQX,21COL001_WQX-CO0037311-U/S,Eagle River u/s of Eagle River WSD CO0037311-001A,River/Stream,39.6539,-106.6268,COUCEA09a_B,COUCEA09a,Eagle River from confluence with Berry Creek to confluence with Squaw Creek.,COUCEA09a_B
21COL001_WQX,21COL001_WQX-CO0048241-D/S,Eagle River D/S of CO0048241 Eagle WWTF at gage,River/Stream,39.64944,-106.953056,COUCEA09c_C,COUCEA09c,"Mainstem of the Eagle River from a point immediately below the confluence with Warren Gulch (39.6785, -106.7645) to the confluence with the Colorado River.",COUCEA09c_C
21COL001_WQX,21COL001_WQX-CO0048241-U/S,Eagle River U/S of CO0048241 Eagle WWTF,River/Stream,39.648516,-106.842797,COUCEA09c_C,COUCEA09c,"Mainstem of the Eagle River from a point immediately below the confluence with Warren Gulch (39.6785, -106.7645) to the confluence with the Colorado River.",COUCEA09c_C
21COL001_WQX,21COL001_WQX-CR0039,"EAGLE RIVER #3, ABV CO RD BLW MINTURN",River/Stream,39.526666,-106.399722,COUCEA05a_B,COUCEA05a,Mainstem of the Eagle River from the compressor house bridge in Belden to a point located 600 ft upstream of Rock Creek. ,COUCEA05a_B
21COL001_WQX,21COL001_WQX-CR0338,"EAGLE RIVER, EAST FORK #1, 400 M ABV RANCH CREEK NEAR CAMP HALE MEM CG",River/Stream,39.41961217,-106.3030059,COUCEA03_A,COUCEA03,"All tributaries to the Eagle River, including wetlands, from the source to the compressor house bridge at Belden, except for the specific listing in Segment 4 and those waters included in Segment 1.",COUCEA03_A
21COL001_WQX,21COL001_WQX-CR1455,"EAGLE RIVER, SOUTH FORK, 100 M ABV E FK EAGLE RIVER (CMPHALE1)",River/Stream,39.42094664,-106.313335,COUCEA02_B,COUCEA02,Mainstem of the Eagle River from the source to Peterson Creek.,COUCEA02_B
ARR,ARR-SWBC-1,ARRA Brush Creek Monitoring Point 1,River/Stream,39.5746,-106.765,COUCEA12_A,COUCEA12,"Mainstem of Brush Creek, from the source to the confluence with the Eagle River, including the East and West Forks.",COUCEA12_A
ARR,ARR-SWBC-2,ARRA Brush Creek Monitoring Point 2,River/Stream,39.5967,-106.762,COUCEA12_A,COUCEA12,"Mainstem of Brush Creek, from the source to the confluence with the Eagle River, including the East and West Forks.",COUCEA12_A
ARR,ARR-SWBC-4,ARRA Brush Creek Monitoring Point 4,River/Stream,39.6224,-106.772,COUCEA12_A,COUCEA12,"Mainstem of Brush Creek, from the source to the confluence with the Eagle River, including the East and West Forks.",COUCEA12_A
ARR,ARR-SWFC-1,ARRA Frost Creek Monitoring Point 1,River/Stream,39.5781,-106.776,COUCEA10a_A,COUCEA10a,"All tributaries to the Eagle River, including all wetlands, from a point immediately below the confluence with Lake Creek to the confluence with the Colorado River, except for specific listings in Segments 10b, 11 and 12, and those waters included in Segment 1.",COUCEA10a_A
ARR,ARR-SWFC-2,ARRA Frost Creek Monitoring Point 2,River/Stream,39.5825,-106.763,COUCEA12_A,COUCEA12,"Mainstem of Brush Creek, from the source to the confluence with the Eagle River, including the East and West Forks.",COUCEA12_A
CBS,CBS-E-10,EAGLE RIVER ABOVE ROCK CREEK,River/Stream,39.53087707,-106.4013316,COUCEA05a_B,COUCEA05a,Mainstem of the Eagle River from the compressor house bridge in Belden to a point located 600 ft upstream of Rock Creek. ,COUCEA05a_B
CBS,CBS-E-12A,EAGLE RIVER BELOW OLD TAILINGS,River/Stream,39.554518,-106.402124,COUCEA05b_A,COUCEA05b,"Mainstem of the Eagle River from a point immediately above the Highway 24 Bridge near Tigiwon Road (39.554936, -106.401691) to a point immediately above the confluence with Martin Creek.",COUCEA05b_A
CBS,CBS-E-12R,Eagle River just below East Trench seep area,River/Stream,39.566513,-106.403887,COUCEA05b_A,COUCEA05b,"Mainstem of the Eagle River from a point immediately above the Highway 24 Bridge near Tigiwon Road (39.554936, -106.401691) to a point immediately above the confluence with Martin Creek.",COUCEA05b_A
CBS,CBS-E-15,EAGLE RIVER BELOW CROSS CREEK,River/Stream,39.57702171,-106.4117917,COUCEA05b_A,COUCEA05b,"Mainstem of the Eagle River from a point immediately above the Highway 24 Bridge near Tigiwon Road (39.554936, -106.401691) to a point immediately above the confluence with Martin Creek.",COUCEA05b_A
CBS,CBS-E-22,EAGLE RIVER ABOVE DOWDS JUNCT.,River/Stream,39.6008662,-106.4358053,COUCEA05c_A,COUCEA05c,Mainstem of the Eagle River from a point immediately above Martin Creek to a point immediately above the confluence with Gore Creek.,COUCEA05c_A
CBS,CBS-E- 3,EAGLE RIVER ABOVE BELDEN,River/Stream,39.52431926,-106.3956171,COUCEA02_C,COUCEA02,Eagle River Below Peterson Creek to compressor house bridge at Belden.,COUCEA02_C
CBS,CBS-T-10,ROCK CREEK AT MOUTH,River/Stream,39.5322364,-106.399768,COUCEA06_I,COUCEA06,Rock Creek from the source to the confluence with the Eagle River.,COUCEA06_I
CBS,CBS-T-10-B,"Upstream Rock Creek, just downstream of the Hwy 25",River/Stream,39.537466,-106.391627,COUCEA06_I,COUCEA06,Rock Creek from the source to the confluence with the Eagle River.,COUCEA06_I
CBS,CBS-T-18,CROSS CREEK NEAR MOUTH,River/Stream,39.5701401,-106.4072469,COUCEA07b_A,COUCEA07b,"Mainstem of Cross Creek from a point immediately below the Minturn Middle School to the confluence with the Eagle River, except for those waters included in Segment 1.",COUCEA07b_A
CORIVWCH_WQX,CORIVWCH_WQX-3284,Eagle - Below Redcliff (1),River/Stream,39.5086,-106.3749,COUCEA02_B,COUCEA02,Mainstem of the Eagle River from the source to Peterson Creek.,COUCEA02_B
CORIVWCH_WQX,CORIVWCH_WQX-3285,Eagle - Above Belden (1.9),River/Stream,39.52237757,-106.39575,COUCEA02_C,COUCEA02,Eagle River Below Peterson Creek to compressor house bridge at Belden.,COUCEA02_C
CORIVWCH_WQX,CORIVWCH_WQX-3286,Eagle - At Belden (2),River/Stream,39.52492694,-106.3957894,COUCEA02_C,COUCEA02,Eagle River Below Peterson Creek to compressor house bridge at Belden.,COUCEA02_C
CORIVWCH_WQX,CORIVWCH_WQX-3287,Eagle - Bishop G (2.9),River/Stream,39.5434,-106.4042,COUCEA05a_C,COUCEA05a,Mainstem of the Eagle River from a point located 600 ft upstream of Rock Creek to a point immediately above the Highway 24 Bridge near Tigiwon Road.,COUCEA05a_C
CORIVWCH_WQX,CORIVWCH_WQX-3289,Eagle - Above Two Elk,River/Stream,39.5639,-106.4016,COUCEA05b_A,COUCEA05b,"Mainstem of the Eagle River from a point immediately above the Highway 24 Bridge near Tigiwon Road (39.554936, -106.401691) to a point immediately above the confluence with Martin Creek.",COUCEA05b_A
CORIVWCH_WQX,CORIVWCH_WQX-3290,Eagle - Above Minturn (4),River/Stream,39.57399202,-106.4102434,COUCEA05b_A,COUCEA05b,"Mainstem of the Eagle River from a point immediately above the Highway 24 Bridge near Tigiwon Road (39.554936, -106.401691) to a point immediately above the confluence with Martin Creek.",COUCEA05b_A
CORIVWCH_WQX,CORIVWCH_WQX-3291,Eagle - USGS Boneyard,River/Stream,39.5775,-106.4128,COUCEA05b_A,COUCEA05b,"Mainstem of the Eagle River from a point immediately above the Highway 24 Bridge near Tigiwon Road (39.554936, -106.401691) to a point immediately above the confluence with Martin Creek.",COUCEA05b_A
CORIVWCH_WQX,CORIVWCH_WQX-3292,Eagle - Below Minturn (5),River/Stream,39.59945313,-106.43679,COUCEA05c_A,COUCEA05c,Mainstem of the Eagle River from a point immediately above Martin Creek to a point immediately above the confluence with Gore Creek.,COUCEA05c_A
CORIVWCH_WQX,CORIVWCH_WQX-3293,Eagle - Arrowhead (6),River/Stream,39.6363,-106.5437,COUCEA09a_A,COUCEA09a,Eagle River from Gore Creek to confluence with Berry Creek.,COUCEA09a_A
CORIVWCH_WQX,CORIVWCH_WQX-3830,Bennett Gulch - Creek G1,River/Stream,39.394965,-106.328815,COUCEA03_A,COUCEA03,"All tributaries to the Eagle River, including wetlands, from the source to the compressor house bridge at Belden, except for the specific listing in Segment 4 and those waters included in Segment 1.",COUCEA03_A
CORIVWCH_WQX,CORIVWCH_WQX-3831,Bennett Gulch - Below Culvert,River/Stream,39.395413,-106.31879,COUCEA03_A,COUCEA03,"All tributaries to the Eagle River, including wetlands, from the source to the compressor house bridge at Belden, except for the specific listing in Segment 4 and those waters included in Segment 1.",COUCEA03_A
CORIVWCH_WQX,CORIVWCH_WQX-3832,Bennett Gulch - Below Fen 1 & 2,River/Stream,39.393437,-106.320565,COUCEA03_A,COUCEA03,"All tributaries to the Eagle River, including wetlands, from the source to the compressor house bridge at Belden, except for the specific listing in Segment 4 and those waters included in Segment 1.",COUCEA03_A
CORIVWCH_WQX,CORIVWCH_WQX-3833,Bennett Gulch - Fen 1,River/Stream,39.39348,-106.320774,COUCEA03_A,COUCEA03,"All tributaries to the Eagle River, including wetlands, from the source to the compressor house bridge at Belden, except for the specific listing in Segment 4 and those waters included in Segment 1.",COUCEA03_A
CORIVWCH_WQX,CORIVWCH_WQX-3834,Bennett Gulch - Fen 2,River/Stream,39.393437,-106.320565,COUCEA03_A,COUCEA03,"All tributaries to the Eagle River, including wetlands, from the source to the compressor house bridge at Belden, except for the specific listing in Segment 4 and those waters included in Segment 1.",COUCEA03_A
CORIVWCH_WQX,CORIVWCH_WQX-3835,Bennett Gulch - Below Fen 3 & 4,River/Stream,39.393956,-106.320098,COUCEA03_A,COUCEA03,"All tributaries to the Eagle River, including wetlands, from the source to the compressor house bridge at Belden, except for the specific listing in Segment 4 and those waters included in Segment 1.",COUCEA03_A
CORIVWCH_WQX,CORIVWCH_WQX-3836,Bennett Gulch - Fen 3,River/Stream,39.393859,-106.319945,COUCEA03_A,COUCEA03,"All tributaries to the Eagle River, including wetlands, from the source to the compressor house bridge at Belden, except for the specific listing in Segment 4 and those waters included in Segment 1.",COUCEA03_A
CORIVWCH_WQX,CORIVWCH_WQX-3837,Bennett Gulch - Fen 4,River/Stream,39.393769,-106.319909,COUCEA03_A,COUCEA03,"All tributaries to the Eagle River, including wetlands, from the source to the compressor house bridge at Belden, except for the specific listing in Segment 4 and those waters included in Segment 1.",COUCEA03_A
CORIVWCH_WQX,CORIVWCH_WQX-430,Gore Cr - Betty Alpine AC,River/Stream,39.638625,-106.366073,COUCEA08_A,COUCEA08,Mainstem of Gore Creek from the confluence with Black Gore Creek to the confluence with the Eagle River.,COUCEA08_A
CORIVWCH_WQX,CORIVWCH_WQX-608,Brush Cr - Sylvan Lake Road Br,River/Stream,39.637912,-106.818079,COUCEA12_A,COUCEA12,"Mainstem of Brush Creek, from the source to the confluence with the Eagle River, including the East and West Forks.",COUCEA12_A
CORIVWCH_WQX,CORIVWCH_WQX-613,Brush Cr - Town Storage Building,River/Stream,39.628673,-106.789007,COUCEA12_A,COUCEA12,"Mainstem of Brush Creek, from the source to the confluence with the Eagle River, including the East and West Forks.",COUCEA12_A
CORIVWCH_WQX,CORIVWCH_WQX-614,Brush Cr - Below BCVROS Bridge,River/Stream,39.622439,-106.772402,COUCEA12_A,COUCEA12,"Mainstem of Brush Creek, from the source to the confluence with the Eagle River, including the East and West Forks.",COUCEA12_A
CORIVWCH_WQX,CORIVWCH_WQX-615,Brush Cr - Brush Cr @ Confluence,River/Stream,39.541802,-106.755323,COUCEA12_A,COUCEA12,"Mainstem of Brush Creek, from the source to the confluence with the Eagle River, including the East and West Forks.",COUCEA12_A
CORIVWCH_WQX,CORIVWCH_WQX-950,Eagle - Tigiwon Gauge,River/Stream,39.5542,-106.4016,COUCEA05a_C,COUCEA05a,Mainstem of the Eagle River from a point located 600 ft upstream of Rock Creek to a point immediately above the Highway 24 Bridge near Tigiwon Road.,COUCEA05a_C
CORIVWCH_WQX,CORIVWCH_WQX-955,Eagle - At School,River/Stream,39.6575,-106.634,COUCEA09a_B,COUCEA09a,Eagle River from confluence with Berry Creek to confluence with Squaw Creek.,COUCEA09a_B
CORIVWCH_WQX,CORIVWCH_WQX-967,Gore Cr - Kinicknick Br (6),River/Stream,39.6200201,-106.4274991,COUCEA08_A,COUCEA08,Mainstem of Gore Creek from the confluence with Black Gore Creek to the confluence with the Eagle River.,COUCEA08_A
CORIVWCH_WQX,CORIVWCH_WQX-968,Gore Cr - Ford Pk (5),River/Stream,39.64146963,-106.3052141,COUCEA08_A,COUCEA08,Mainstem of Gore Creek from the confluence with Black Gore Creek to the confluence with the Eagle River.,COUCEA08_A
CORIVWCH_WQX,CORIVWCH_WQX-969,Gore Cr - E Vail Exit (4),River/Stream,39.64020217,-106.3599272,COUCEA08_A,COUCEA08,Mainstem of Gore Creek from the confluence with Black Gore Creek to the confluence with the Eagle River.,COUCEA08_A
CORIVWCH_WQX,CORIVWCH_WQX-970,Gore Cr - Bighorn Pk (7),River/Stream,39.63528132,-106.29623,COUCEA08_A,COUCEA08,Mainstem of Gore Creek from the confluence with Black Gore Creek to the confluence with the Eagle River.,COUCEA08_A
ERWC,ERWC-BOOCRaBCD,Booth Creek 3 abv Booth Cr Drive,River/Stream,39.64619,-106.32275,COUCEA06_J,COUCEA06,"All tributaries to the Eagle River, including all wetlands, from above the compressor house bridge at Belden (39.526879, -106.394950) to a point immediately below the confluence with Lake Creek, except for the specific listings in Segments 1, 7a, 7b, and 8. With other exceptions to Black Gore and Rock Creek.

",COUCEA06_J
ERWC,ERWC-BOOCRaFB,Booth Creek 1 at USFS Boundary,River/Stream,39.6521,-106.32141,COUCEA06_J,COUCEA06,"All tributaries to the Eagle River, including all wetlands, from above the compressor house bridge at Belden (39.526879, -106.394950) to a point immediately below the confluence with Lake Creek, except for the specific listings in Segments 1, 7a, 7b, and 8. With other exceptions to Black Gore and Rock Creek.

",COUCEA06_J
ERWC,ERWC-BRCaER,Brush Creek at Eagle River,River/Stream,39.647,-106.8415278,COUCEA12_A,COUCEA12,"Mainstem of Brush Creek, from the source to the confluence with the Eagle River, including the East and West Forks.",COUCEA12_A
ERWC,ERWC-E-10,EAGLE RIVER ABOVE ROCK CREEK,River/Stream,39.53087707,-106.4013316,COUCEA05a_B,COUCEA05a,Mainstem of the Eagle River from the compressor house bridge in Belden to a point located 600 ft upstream of Rock Creek. ,COUCEA05a_B
ERWC,ERWC-E-12A,EAGLE RIVER BELOW OLD TAILINGS,River/Stream,39.554518,-106.402124,COUCEA05b_A,COUCEA05b,"Mainstem of the Eagle River from a point immediately above the Highway 24 Bridge near Tigiwon Road (39.554936, -106.401691) to a point immediately above the confluence with Martin Creek.",COUCEA05b_A
ERWC,ERWC-E-15,EAGLE RIVER BELOW CROSS CREEK,River/Stream,39.57702171,-106.4117917,COUCEA05b_A,COUCEA05b,"Mainstem of the Eagle River from a point immediately above the Highway 24 Bridge near Tigiwon Road (39.554936, -106.401691) to a point immediately above the confluence with Martin Creek.",COUCEA05b_A
ERWC,ERWC-E-22,EAGLE RIVER ABOVE DOWDS JUNCT.,River/Stream,39.6008662,-106.4358053,COUCEA05c_A,COUCEA05c,Mainstem of the Eagle River from a point immediately above Martin Creek to a point immediately above the confluence with Gore Creek.,COUCEA05c_A
ERWC,ERWC-E- 3,EAGLE RIVER ABOVE BELDEN,River/Stream,39.52431926,-106.3956171,COUCEA02_C,COUCEA02,Eagle River Below Peterson Creek to compressor house bridge at Belden.,COUCEA02_C
ERWC,ERWC-ERaATP,ER abv Avon WWTP,River/Stream,39.63507,-106.52963,COUCEA09a_A,COUCEA09a,Eagle River from Gore Creek to confluence with Berry Creek.,COUCEA09a_A
ERWC,ERWC-ERaCP,Eagle River above Chamber's Park,River/Stream,39.65706,-106.82808,COUCEA09c_C,COUCEA09c,"Mainstem of the Eagle River from a point immediately below the confluence with Warren Gulch (39.6785, -106.7645) to the confluence with the Colorado River.",COUCEA09c_C
ERWC,ERWC-ERaMin,"EAGLE RIVER NEAR MINTURN, CO",River/Stream,39.55388,-106.40253,COUCEA05a_C,COUCEA05a,Mainstem of the Eagle River from a point located 600 ft upstream of Rock Creek to a point immediately above the Highway 24 Bridge near Tigiwon Road.,COUCEA05a_C
ERWC,ERWC-ERaRC,"EAGLE RIVER AT RED CLIFF, CO",River/Stream,39.50832,-106.36695,COUCEA02_B,COUCEA02,Mainstem of the Eagle River from the source to Peterson Creek.,COUCEA02_B
ERWC,ERWC-ERatFG,Eagle River at Fairgrounds,River/Stream,39.65397,-106.83303,COUCEA09c_C,COUCEA09c,"Mainstem of the Eagle River from a point immediately below the confluence with Warren Gulch (39.6785, -106.7645) to the confluence with the Colorado River.",COUCEA09c_C
ERWC,ERWC-ERatGC,"EAGLE RIVER ABOVE GORE CREEK NR. MINTURN, CO",River/Stream,39.60749,-106.44503,COUCEA05c_A,COUCEA05c,Mainstem of the Eagle River from a point immediately above Martin Creek to a point immediately above the confluence with Gore Creek.,COUCEA05c_A
ERWC,ERWC-ERblwMCWOL,"EAGLE RIVER BELOW MILK CREEK NEAR WOLCOTT, CO",River/Stream,39.705,-106.72583,COUCEA09c_B,COUCEA09c,"Mainstem of the Eagle River from a point immediately below the confluence with Rube Creek to Warren Gulch (39.6785, -106.7645).",COUCEA09c_B
ERWC,ERWC-ERGYP,"EAGLE RIVER AT GYPSUM, CO",River/Stream,39.64999,-106.95227,COUCEA09c_C,COUCEA09c,"Mainstem of the Eagle River from a point immediately below the confluence with Warren Gulch (39.6785, -106.7645) to the confluence with the Colorado River.",COUCEA09c_C
ERWC,ERWC-ERWC-Booth1,Booth Creek at USFS Boundary,River/Stream,39.6521,-106.3214,COUCEA06_J,COUCEA06,"All tributaries to the Eagle River, including all wetlands, from above the compressor house bridge at Belden (39.526879, -106.394950) to a point immediately below the confluence with Lake Creek, except for the specific listings in Segments 1, 7a, 7b, and 8. With other exceptions to Black Gore and Rock Creek.

",COUCEA06_J
ERWC,ERWC-ERWC-Booth3,Booth Creek abv Booth Cr Drive,River/Stream,39.6462,-106.3227,COUCEA06_J,COUCEA06,"All tributaries to the Eagle River, including all wetlands, from above the compressor house bridge at Belden (39.526879, -106.394950) to a point immediately below the confluence with Lake Creek, except for the specific listings in Segments 1, 7a, 7b, and 8. With other exceptions to Black Gore and Rock Creek.

",COUCEA06_J
ERWC,ERWC-ERWC-BRCaER,Brush Creek at Eagle River,River/Stream,39.647,-106.8415278,COUCEA12_A,COUCEA12,"Mainstem of Brush Creek, from the source to the confluence with the Eagle River, including the East and West Forks.",COUCEA12_A
ERWC,ERWC-ERWC-ERaATP,Eagle River above Avon Treatment Plant,River/Stream,39.63445,-106.5287,COUCEA09a_A,COUCEA09a,Eagle River from Gore Creek to confluence with Berry Creek.,COUCEA09a_A
ERWC,ERWC-ERWC-ERaCP,Eagle River above Chamber's Park,River/Stream,39.65706,-106.82808,COUCEA09c_C,COUCEA09c,"Mainstem of the Eagle River from a point immediately below the confluence with Warren Gulch (39.6785, -106.7645) to the confluence with the Colorado River.",COUCEA09c_C
ERWC,ERWC-ERWC-ERaMin,"Eagle River Near Minturn, CO",River/Stream,39.55388,-106.40253,COUCEA05a_C,COUCEA05a,Mainstem of the Eagle River from a point located 600 ft upstream of Rock Creek to a point immediately above the Highway 24 Bridge near Tigiwon Road.,COUCEA05a_C
ERWC,ERWC-ERWC-ERaRC,"Eagle River at Red Cliff, CO",River/Stream,39.50832,-106.36695,COUCEA02_B,COUCEA02,Mainstem of the Eagle River from the source to Peterson Creek.,COUCEA02_B
ERWC,ERWC-ERWC-ERatFG,Eagle River at Fairgrounds,River/Stream,39.65397,-106.83303,COUCEA09c_C,COUCEA09c,"Mainstem of the Eagle River from a point immediately below the confluence with Warren Gulch (39.6785, -106.7645) to the confluence with the Colorado River.",COUCEA09c_C
ERWC,ERWC-ERWC-ERatGC,"Eagle River Above Gore Creek Nr. Minturn, CO",River/Stream,39.60749,-106.44503,COUCEA05c_A,COUCEA05c,Mainstem of the Eagle River from a point immediately above Martin Creek to a point immediately above the confluence with Gore Creek.,COUCEA05c_A
ERWC,ERWC-ERWC-ERblwMCWOL,Eagle River near Wolcott,River/Stream,39.705,-106.7258,COUCEA09c_B,COUCEA09c,"Mainstem of the Eagle River from a point immediately below the confluence with Rube Creek to Warren Gulch (39.6785, -106.7645).",COUCEA09c_B
ERWC,ERWC-ERWC-ERGYP,"Eagle River at Gypsum, CO",River/Stream,39.64999,-106.95227,COUCEA09c_C,COUCEA09c,"Mainstem of the Eagle River from a point immediately below the confluence with Warren Gulch (39.6785, -106.7645) to the confluence with the Colorado River.",COUCEA09c_C
ERWC,ERWC-ERWC-GCaBGC,"Gore Creek at Upper Station, Near Minturn, CO",River/Stream,39.62582,-106.27808,COUCEA01_A,COUCEA01,"All tributaries to the Eagle River, including all wetlands, within the Gore Range - Eagles Nest and Holy Cross Wilderness Areas.",COUCEA01_A
ERWC,ERWC-ERWC-GCaER,Gore Creek above Eagle River,River/Stream,39.60943,-106.447808,COUCEA08_A,COUCEA08,Mainstem of Gore Creek from the confluence with Black Gore Creek to the confluence with the Eagle River.,COUCEA08_A
ERWC,ERWC-ERWC-Mill1,Mill Creek abv Windisch Way,River/Stream,39.6351,-106.3701,COUCEA06_J,COUCEA06,"All tributaries to the Eagle River, including all wetlands, from above the compressor house bridge at Belden (39.526879, -106.394950) to a point immediately below the confluence with Lake Creek, except for the specific listings in Segments 1, 7a, 7b, and 8. With other exceptions to Black Gore and Rock Creek.

",COUCEA06_J
ERWC,ERWC-ERWC-Mill3,Mill Creek at confluence w/ Gore Cr,River/Stream,39.6411,-106.373,COUCEA08_A,COUCEA08,Mainstem of Gore Creek from the confluence with Black Gore Creek to the confluence with the Eagle River.,COUCEA08_A
ERWC,ERWC-GCaBGC,"GORE CREEK AT UPPER STATION, NEAR MINTURN, CO",River/Stream,39.62582,-106.27808,COUCEA01_A,COUCEA01,"All tributaries to the Eagle River, including all wetlands, within the Gore Range - Eagles Nest and Holy Cross Wilderness Areas.",COUCEA01_A
ERWC,ERWC-GCaER,Gore Creek abv Eagle River,River/Stream,39.61006,-106.44689,COUCEA08_A,COUCEA08,Mainstem of Gore Creek from the confluence with Black Gore Creek to the confluence with the Eagle River.,COUCEA08_A
ERWC,ERWC-MILCRabvWINDW,Mill Creek 1 abv Windisch Way,River/Stream,39.6351,-106.3701,COUCEA06_J,COUCEA06,"All tributaries to the Eagle River, including all wetlands, from above the compressor house bridge at Belden (39.526879, -106.394950) to a point immediately below the confluence with Lake Creek, except for the specific listings in Segments 1, 7a, 7b, and 8. With other exceptions to Black Gore and Rock Creek.

",COUCEA06_J
ERWC,ERWC-MILCRaMO,Mill Creek 3 at confluence with Gore Creek,River/Stream,39.6411,-106.373,COUCEA08_A,COUCEA08,Mainstem of Gore Creek from the confluence with Black Gore Creek to the confluence with the Eagle River.,COUCEA08_A
ERWC,ERWC-SWBC-1,ARRA Brush Creek Monitoring Point 1,River/Stream,39.5746,-106.765,COUCEA12_A,COUCEA12,"Mainstem of Brush Creek, from the source to the confluence with the Eagle River, including the East and West Forks.",COUCEA12_A
ERWC,ERWC-SWBC-2,ARRA Brush Creek Monitoring Point 2,River/Stream,39.5967,-106.762,COUCEA12_A,COUCEA12,"Mainstem of Brush Creek, from the source to the confluence with the Eagle River, including the East and West Forks.",COUCEA12_A
ERWC,ERWC-SWBC-4,ARRA Brush Creek Monitoring Point 4,River/Stream,39.6224,-106.772,COUCEA12_A,COUCEA12,"Mainstem of Brush Creek, from the source to the confluence with the Eagle River, including the East and West Forks.",COUCEA12_A
ERWC,ERWC-SWFC-1,ARRA Frost Creek Monitoring Point 1,River/Stream,39.5781,-106.776,COUCEA10a_A,COUCEA10a,"All tributaries to the Eagle River, including all wetlands, from a point immediately below the confluence with Lake Creek to the confluence with the Colorado River, except for specific listings in Segments 10b, 11 and 12, and those waters included in Segment 1.",COUCEA10a_A
ERWC,ERWC-SWFC-2,ARRA Frost Creek Monitoring Point 2,River/Stream,39.5825,-106.763,COUCEA12_A,COUCEA12,"Mainstem of Brush Creek, from the source to the confluence with the Eagle River, including the East and West Forks.",COUCEA12_A
ERWC,ERWC-T-10,ROCK CREEK AT MOUTH,River/Stream,39.5322364,-106.399768,COUCEA06_I,COUCEA06,Rock Creek from the source to the confluence with the Eagle River.,COUCEA06_I
ERWC,ERWC-T-18,CROSS CREEK NEAR MOUTH,River/Stream,39.5701401,-106.4072469,COUCEA07b_A,COUCEA07b,"Mainstem of Cross Creek from a point immediately below the Minturn Middle School to the confluence with the Eagle River, except for those waters included in Segment 1.",COUCEA07b_A
ERWSD,ERWSD-GCAVTP,Gore Creek above Vail WWTF,River/Stream,39.6411,-106.287517,COUCEA01_A,COUCEA01,"All tributaries to the Eagle River, including all wetlands, within the Gore Range - Eagles Nest and Holy Cross Wilderness Areas.",COUCEA01_A
ERWSD,ERWSD-GCEV,Gore Creek at East Vail,River/Stream,39.6432,-106.307869,COUCEA08_A,COUCEA08,Mainstem of Gore Creek from the confluence with Black Gore Creek to the confluence with the Eagle River.,COUCEA08_A
NARS_WQX,NARS_WQX-NRS_CO-10226,East Fork Homestake Creek,River/Stream,39.36936448,-106.4524344,COUCEA01_A,COUCEA01,"All tributaries to the Eagle River, including all wetlands, within the Gore Range - Eagles Nest and Holy Cross Wilderness Areas.",COUCEA01_A
NARS_WQX,NARS_WQX-NRS_CO-10322,Homestake Creek,River/Stream,39.42575934,-106.4124235,COUCEA04_A,COUCEA04,Mainstem of Homestake Creek from the confluence of the East Fork to the confluence with the Eagle River.,COUCEA04_A
NARS_WQX,NARS_WQX-NRS_CO-10486,Eagle River,River/Stream,39.64405982,-107.0192684,COUCEA09c_C,COUCEA09c,"Mainstem of the Eagle River from a point immediately below the confluence with Warren Gulch (39.6785, -106.7645) to the confluence with the Colorado River.",COUCEA09c_C
NARS_WQX,NARS_WQX-NRS_CO-10510,Two Elk Creek,River/Stream,39.565669,-106.399405,COUCEA06_J,COUCEA06,"All tributaries to the Eagle River, including all wetlands, from above the compressor house bridge at Belden (39.526879, -106.394950) to a point immediately below the confluence with Lake Creek, except for the specific listings in Segments 1, 7a, 7b, and 8. With other exceptions to Black Gore and Rock Creek.

",COUCEA06_J
NARS_WQX,NARS_WQX-NRS_CO-10511,East Fork Homestake Creek,River/Stream,39.3658,-106.45122,COUCEA01_A,COUCEA01,"All tributaries to the Eagle River, including all wetlands, within the Gore Range - Eagles Nest and Holy Cross Wilderness Areas.",COUCEA01_A
