"AUID","PortionDes"
"COUCEA01_A","All tributaries to the Eagle River, including all wetlands, within the Gore Range - Eagles Nest and Holy Cross Wilderness Areas."
"COUCEA02_B","Mainstem of the Eagle River from the source to Peterson Creek."
"COUCEA02_C","Eagle River Below Peterson Creek to compressor house bridge at Belden."
"COUCEA03_A","All tributaries to the Eagle River, including wetlands, from the source to the compressor house bridge at Belden, except for the specific listing in Segment 4 and those waters included in Segment 1."
"COUCEA04_A","Mainstem of Homestake Creek from the confluence of the East Fork to the confluence with the Eagle River."
"COUCEA05a_B","Mainstem of the Eagle River from the compressor house bridge in Belden to a point located 600 ft upstream of Rock Creek."
"COUCEA05a_C","Mainstem of the Eagle River from a point located 600 ft upstream of Rock Creek to a point immediately above the Highway 24 Bridge near Tigiwon Road."
"COUCEA05b_A","Mainstem of the Eagle River from a point immediately above the Highway 24 Bridge near Tigiwon Road (39.554936, -106.401691) to a point immediately above the confluence with Martin Creek."
"COUCEA05c_A","Mainstem of the Eagle River from a point immediately above Martin Creek to a point immediately above the confluence with Gore Creek."
"COUCEA06_C","Lake Creek from below the confluence with East and West Lake Creek to the mouth."
"COUCEA06_I","Rock Creek from the source to the confluence with the Eagle River."
"COUCEA06_J","All tributaries to the Eagle River, including all wetlands, from above the compressor house bridge at Belden (39.526879, -106.394950) to a point immediately below the confluence with Lake Creek, except for the specific listings in Segments 1, 7a, 7b, and 8. With other exceptions to Black Gore and Rock Creek.

"
"COUCEA07a_A","Mainstem of Cross Creek from the source to a point immediately below the Minturn Middle School, except for those waters included in Segment 1."
"COUCEA07b_A","Mainstem of Cross Creek from a point immediately below the Minturn Middle School to the confluence with the Eagle River, except for those waters included in Segment 1."
"COUCEA08_A","Mainstem of Gore Creek from the confluence with Black Gore Creek to the confluence with the Eagle River."
"COUCEA09a_A","Eagle River from Gore Creek to confluence with Berry Creek."
"COUCEA09a_B","Eagle River from confluence with Berry Creek to confluence with Squaw Creek."
"COUCEA09c_B","Mainstem of the Eagle River from a point immediately below the confluence with Rube Creek to Warren Gulch (39.6785, -106.7645)."
"COUCEA09c_C","Mainstem of the Eagle River from a point immediately below the confluence with Warren Gulch (39.6785, -106.7645) to the confluence with the Colorado River."
"COUCEA10a_A","All tributaries to the Eagle River, including all wetlands, from a point immediately below the confluence with Lake Creek to the confluence with the Colorado River, except for specific listings in Segments 10b, 11 and 12, and those waters included in Segment 1."
"COUCEA10a_B","Eby Creek and tributaries."
"COUCEA11_A","Mainstem of Alkali Creek (near Wolcott) from the source to the confluence with the Eagle River. Mainstem of Milk Creek from the source to the confluence with the Eagle River."
"COUCEA12_A","Mainstem of Brush Creek, from the source to the confluence with the Eagle River, including the East and West Forks."
