fid,OrganizationIdentifier,OrganizationFormalName,MonitoringLocationIdentifier,MonitoringLocationName,MonitoringLocationTypeName,MonitoringLocationDescriptionText,HUCEightDigitCode,DrainageAreaMeasure/MeasureValue,DrainageAreaMeasure/MeasureUnitCode,ContributingDrainageAreaMeasure/MeasureValue,ContributingDrainageAreaMeasure/MeasureUnitCode,LatitudeMeasure,LongitudeMeasure,SourceMapScaleNumeric,HorizontalAccuracyMeasure/MeasureValue,HorizontalAccuracyMeasure/MeasureUnitCode,HorizontalCollectionMethodName,HorizontalCoordinateReferenceSystemDatumName,VerticalMeasure/MeasureValue,VerticalMeasure/MeasureUnitCode,VerticalAccuracyMeasure/MeasureValue,VerticalAccuracyMeasure/MeasureUnitCode,VerticalCollectionMethodName,VerticalCoordinateReferenceSystemDatumName,CountryCode,StateCode,CountyCode,AquiferName,LocalAqfrName,FormationTypeText,AquiferTypeName,ConstructionDateText,WellDepthMeasure/MeasureValue,WellDepthMeasure/MeasureUnitCode,WellHoleDepthMeasure/MeasureValue,WellHoleDepthMeasure/MeasureUnitCode,ProviderName,_fid,_OBJECTID,_AUID,_SGEOID,_GEOID,_Len_Miles,_HUC_8,_TMDL_Comment,_OBJECTID_1,_Cycle_x,_Split,_ChangeReas,_Parent,_ChangeDate,_Changer,_Geometry_presence,_WBID,_Cycle_y,_Ag,_AQLife,_Rec,_WS,_AQLtier,_RecTier,_Cat,_TempMulti,_Comment2,_Geometry,_Change_Fla,_Designatio,_Analyte,_Cycle,_Retired,_DESC,_CycleLastAssessed,_YearLastMonitored,_P_Parent,_Comment_AH,_AUID_Merge,_Shape_Length,nn_dist
"1",USGS-CO,USGS Colorado Water Science Center,USGS-09063000,"EAGLE RIVER AT RED CLIFF, CO.",Stream,,"14010003",70.2,sq mi,,,39.50831949,-106.3666948,,1,seconds,Interpolated from MAP.,NAD83,8653.8,feet,0.01,feet,Level or other surveyed method.,NGVD29,US,"8","37",,,,,,,,,,NWIS,"24521","24521",COUCEA02_B,"32098","32098",1.44857152300578,"14010003",,"39866","2024",false, , ,, ,true,COUCEA02,"2024",false,F,false,N,C1,E,"5",false,,Stream,,Revi*,303(d) : As-T,"2020",N,Mainstem of the Eagle River from the source to Peterson Creek.,"2018","2017",COUCEA02_A,,,3015.82849506965,82.0617030583541
"2",USGS-CO,USGS Colorado Water Science Center,USGS-09064600,"EAGLE RIVER NEAR MINTURN, CO",Stream,,"14010003",186,sq mi,"186",sq mi,39.55387495,-106.402529,"24000",1,seconds,Interpolated from MAP.,NAD83,8078.37,feet,0.01,feet,Level or other surveyed method.,NGVD29,US,"8","37",,,,,,,,,,NWIS,"26525","26525",COUCEA05a_C,"34607","34607",0.771447263373941,"14010003",,"37373","2024",false, , ,, ,true,COUCEA05a,"2024",false,N,false,N,C1,E,"5",false,,Stream,,Revi*,"303(d) : As-T; 303(d) : Cd-D; 303(d) : Fe-D; TMDL : Zn-D","2020",N,Mainstem of the Eagle River from a point located 600 ft upstream of Rock Creek to a point immediately above the Highway 24 Bridge near Tigiwon Road.,"2020","2017",COUCEA05a_A,,,1613.74802821748,49.8291851480459
"3",USGS-CO,USGS Colorado Water Science Center,USGS-09065500,"GORE CREEK AT UPPER STATION, NEAR MINTURN, CO.",Stream,,"14010003",14.5,sq mi,,,39.6258193,-106.2780823,,1,seconds,Interpolated from MAP.,NAD83,8600,feet,20,feet,Interpolated from topographic map.,NGVD29,US,"8","37",,,,,,,,,,NWIS,"24257","24257",COUCEA01_A,"31756","31756",1.69666198287106,"14010003",,"40202","2024",false, , ,, ,true,COUCEA01,"2024",false,F,false,F,C1,E,1a,false,,Stream,,OW,,"2016",N,"All tributaries to the Eagle River, including all wetlands, within the Gore Range - Eagles Nest and Holy Cross Wilderness Areas.","2018","2017",N/A,,,3536.50406615041,7.9926170653133
"4",USGS-CO,USGS Colorado Water Science Center,USGS-09066325,"GORE CREEK ABV RED SANDSTONE CREEK AT VAIL, CO",Stream,,"14010003",77.1,sq mi,,,39.6410971,-106.3947515,"24000",5,seconds,Interpolated from MAP.,NAD83,8055,feet,10,feet,Interpolated from topographic map.,NGVD29,US,"8","37",,,,,,,,,,NWIS,"27711","27711",COUCEA08_A,"36042","36042",0.547454709357388,"14010003",,"35939","2024",false, , ,, ,true,COUCEA08,"2024",false,N,false,N,C1,E,"5",false,,Stream,,Revi*,"303(d) : As-T; 303(d) : Bugs(P)","2016",N,Mainstem of Gore Creek from the confluence with Black Gore Creek to the confluence with the Eagle River.,"2018","2017",N/A,,,1144.56200637885,20.9560881110487
"5",USGS-CO,USGS Colorado Water Science Center,USGS-09066510,"GORE CREEK AT MOUTH NEAR MINTURN, CO",Stream,,"14010003",102,sq mi,,,39.60943048,-106.447808,"24000",1,minutes,Interpolated from MAP.,NAD83,7730,feet,20,feet,Interpolated from topographic map.,NGVD29,US,"8","37",,,,,,,,,,NWIS,"27711","27711",COUCEA08_A,"36042","36042",0.547454709357388,"14010003",,"35939","2024",false, , ,, ,true,COUCEA08,"2024",false,N,false,N,C1,E,"5",false,,Stream,,Revi*,"303(d) : As-T; 303(d) : Bugs(P)","2016",N,Mainstem of Gore Creek from the confluence with Black Gore Creek to the confluence with the Eagle River.,"2018","2017",N/A,,,1144.56200637885,23.2624460479614
"6",USGS-CO,USGS Colorado Water Science Center,USGS-09067005,"EAGLE RIVER AT AVON, CO.",Stream,,"14010003",395,sq mi,,,39.6316527,-106.5225318,,5,seconds,Interpolated from MAP.,NAD83,7410,feet,15,feet,Unknown.,NGVD29,US,"8","37",,,,,,,,,,NWIS,"27679","27679",COUCEA09a_A,"35996","35996",0.523221981618155,"14010003",,"35985","2024",false, , ,, ,true,COUCEA09a,"2024",false,F,false,N,C1,E,"5",false,,Stream,,Revi*,303(d) : As-T,"2016",N,Eagle River from Gore Creek to confluence with Berry Creek.,"2018","2017",N/A,,,1092.8238356011,33.2536246155209
"7",USGS-CO,USGS Colorado Water Science Center,USGS-09067200,"LAKE CREEK NEAR EDWARDS, CO",Stream,,"14010003",49,sq mi,,,39.647486,-106.6092003,"24000",5,seconds,Interpolated from MAP.,NAD83,7160,feet,15,feet,Interpolated from topographic map.,NGVD29,US,"8","37",,,,,,,,,,NWIS,"28342","28342",COUCEA06_C,"36902","36902",1.99843991703715,"14010003",,"35081","2024",false, , ,, ,true,COUCEA06,"2024",false,N,false,N,C1,E,"5",false,,Stream,,Revi*,"303(d) : As-T; 303(d) : Bugs(P)","2016",N,Lake Creek from below the confluence with East and West Lake Creek to the mouth.,"2018","2017",N/A,,,4185.95705753975,25.7836358017303
"8",USGS-CO,USGS Colorado Water Science Center,USGS-09068500,"BRUSH CREEK AT EAGLE, CO",Stream,,"14010003",147,sq mi,,,39.647,-106.8415278,"24000",0.1,seconds,Mapping grade GPS unit (handheld accuracy range 12 to 40 ft),NAD83,6520,feet,20,feet,Interpolated from topographic map.,NAVD88,US,"8","37",,,,,,,,,,NWIS,"25405","25405",COUCEA12_A,"33286","33286",2.79234927988315,"14010003",,"38687","2024",false, , ,, ,true,COUCEA12,"2024",false,I,false,F,C1,E,3b,false,,Stream,,Revi*,,"2016",N,"Mainstem of Brush Creek, from the source to the confluence with the Eagle River, including the East and West Forks.","2018","2017",N/A,,,5817.64383284326,3.90509761146121
"9",USGS-CO,USGS Colorado Water Science Center,USGS-09069000,"EAGLE RIVER AT GYPSUM, CO",Stream,,"14010003",842,sq mi,,,39.6499851,-106.9522665,"24000",1,seconds,Interpolated from MAP.,NAD83,6276,feet,15,feet,Interpolated from topographic map.,NGVD29,US,"8","37",,,,,,,,,,NWIS,"28199","28199",COUCEA09c_C,"36719","36719",0.680651562691041,"14010003",,"35264","2024",false, , ,, ,true,COUCEA09c,"2024",false,N,false,N,C1,E,"5",false,,Stream,,Revi*,"303(d) : As-T; 303(d) : Temp","2020",N,"Mainstem of the Eagle River from a point immediately below the confluence with Warren Gulch (39.6785, -106.7645) to the confluence with the Colorado River.","2020","2017",COUCEA09c_A,,,1421.91131036862,1.59375284181234
"10",USGS-CO,USGS Colorado Water Science Center,USGS-09070000,"EAGLE RIVER BELOW GYPSUM, CO.",Stream,,"14010003",945,sq mi,,,39.64942954,-106.9536554,,1,seconds,Interpolated from MAP.,NAD83,6275.11,feet,0.02,feet,Level or other surveyed method.,NGVD29,US,"8","37",,,,,,,,,,NWIS,"28199","28199",COUCEA09c_C,"36719","36719",0.680651562691041,"14010003",,"35264","2024",false, , ,, ,true,COUCEA09c,"2024",false,N,false,N,C1,E,"5",false,,Stream,,Revi*,"303(d) : As-T; 303(d) : Temp","2020",N,"Mainstem of the Eagle River from a point immediately below the confluence with Warren Gulch (39.6785, -106.7645) to the confluence with the Colorado River.","2020","2017",COUCEA09c_A,,,1421.91131036862,21.4731416409205
"11",USGS-CO,USGS Colorado Water Science Center,USGS-393627106264000,"EAGLE RIVER ABOVE GORE CREEK NR. MINTURN, CO",Stream,,"14010003",260,sq mi,,,39.607486,-106.4450301,"24000",1,seconds,Interpolated from MAP.,NAD83,7730,feet,10,feet,Interpolated from topographic map.,NGVD29,US,"8","37",,,,,,,,,,NWIS,"27405","27405",COUCEA05c_A,"35631","35631",1.12641325307755,"14010003",,"36350","2024",false, , ,, ,true,COUCEA05c,"2024",false,T,false,N,C1,E,"5",false,,Stream,,Revi*,"303(d) : As-T; 303(d) : Fe-D; TMDL : Zn-D","2016",N,Mainstem of the Eagle River from a point immediately above Martin Creek to a point immediately above the confluence with Gore Creek.,"2018","2016",N/A,,,2356.39465987295,27.8561575718132
"12",USGS-CO,USGS Colorado Water Science Center,USGS-394220106431500,"EAGLE RIVER BELOW MILK CREEK NEAR WOLCOTT, CO",Stream,,"14010003",600,sq mi,,,39.705,-106.7258333,"24000",1,seconds,Mapping grade GPS unit (handheld accuracy range 12 to 40 ft),NAD83,6820,feet,20,feet,Interpolated from topographic map.,NGVD29,US,"8","37",,,,,,,,,,NWIS,"28982","28982",COUCEA09c_B,"37706","37706",2.35234059070283,"14010003",,"34278","2024",false, , ,, ,true,COUCEA09c,"2024",false,I,false,N,C1,E,"5",false,,Stream,,Revi*,"303(d) : As-T; 303(d) : Temp","2020",N,"Mainstem of the Eagle River from a point immediately below the confluence with Rube Creek to Warren Gulch (39.6785, -106.7645).","2020","2017",COUCEA09c_A,,,4921.75407618515,21.6321042834951
"13",21COL001_WQX,Colorado Dept. of Public Health & Environment-WQCD,21COL001_WQX-000052,EAGLE RIVER AT GYPSUM,River/Stream,,"14010003",,,,,39.64993,-106.95238,"0",,,Interpolation-Digital Map Source,NAD83,,,,,,,US,"8","37",,,,,,,,,,STORET,"28199","28199",COUCEA09c_C,"36719","36719",0.680651562691041,"14010003",,"35264","2024",false, , ,, ,true,COUCEA09c,"2024",false,N,false,N,C1,E,"5",false,,Stream,,Revi*,"303(d) : As-T; 303(d) : Temp","2020",N,"Mainstem of the Eagle River from a point immediately below the confluence with Warren Gulch (39.6785, -106.7645) to the confluence with the Colorado River.","2020","2017",COUCEA09c_A,,,1421.91131036862,4.39427135315104
"14",21COL001_WQX,Colorado Dept. of Public Health & Environment-WQCD,21COL001_WQX-000074,GORE CREEK AT MOUTH,River/Stream,"Lat/Lon updated 20161006 to current site d/s of bridge in STORET Descr: ""GORE CREEK AT CONFLUENCE WITH EAGLE R AT BRIDGE 800 FEET ABV CONFL at USGS staton 09066050, Eagle County... "" The gage and old lat/lon are wrong and placed the site on Black Gore Ck","14010003",,,,,39.609258,-106.44911,"0",,,GPS Code (Pseudo Range) Standard Position (SA Off),WGS84,,,,,,,US,"8","37",,,,,,,,,,STORET,"27679","27679",COUCEA08_A,"35996","35996",0.523221981618155,"14010003",,"35985","2024",false, , ,, ,true,COUCEA08,"2024",false,F,false,N,C1,E,"5",false,,Stream,,Revi*,"303(d) : As-T; 303(d) : Bugs(P)","2016",N,Mainstem of Gore Creek from the confluence with Black Gore Creek to the confluence with the Eagle River.,"2018","2017",N/A,,,1092.8238356011,23.4883616005339
"15",21COL001_WQX,Colorado Dept. of Public Health & Environment-WQCD,21COL001_WQX-12500,EAGLE RIVER @ RIVER DANCE RV RESORT,River/Stream,LEFT BANK,"14010003",,,,,39.64649,-107.00177,,,,Interpolation-Digital Map Source,UNKWN,,,,,,,US,"8","37",,,,,,,,,,STORET,"28199","28199",COUCEA09c_C,"36719","36719",0.680651562691041,"14010003",,"35264","2024",false, , ,, ,true,COUCEA09c,"2024",false,N,false,N,C1,E,"5",false,,Stream,,Revi*,"303(d) : As-T; 303(d) : Temp","2020",N,"Mainstem of the Eagle River from a point immediately below the confluence with Warren Gulch (39.6785, -106.7645) to the confluence with the Colorado River.","2020","2017",COUCEA09c_A,,,1421.91131036862,6.56266147575122
"16",21COL001_WQX,Colorado Dept. of Public Health & Environment-WQCD,21COL001_WQX-12520,EBY CK. NR US HWY 6,River/Stream,"The site is just above where the creek enters a wetland near the Eagle, CO Holiday Inn Express.","14010003",,,,,39.659612,-106.829752,"0",,,GPS Code (Pseudo Range) Standard Position (SA Off),WGS84,,,,,,,US,"8","37",,,,,,,,,,STORET,"29325","29325",COUCEA10a_B,"38128","38128",4.76054423665615,"14010003",,"33858","2024",false, , ,, ,true,COUCEA10a,"2024",false,I,false,N,C1,E,"5",false,,Stream,,Revi*,"303(d) : As-T; 303(d) : SO4; M&E : Se-D","2016",N,Eby Creek and tributaries.,"2018","2017",N/A,,,9977.67187538741,21.9785738911677
"17",21COL001_WQX,Colorado Dept. of Public Health & Environment-WQCD,21COL001_WQX-12563,CROSS CK @ MALOIT,River/Stream,,"14010003",,,,,39.563395,-106.418015,"0",,,Interpolation-Digital Map Source,WGS84,,,,,,,US,"8","37",,,,,,,,,,STORET,"26894","26894",COUCEA07a_A,"66661","66661",1.03823425739877,"14010003",,"36957","2024",true, , ,, ,true,COUCEA07a,"2024",false,I,false,F,C1,E,3b,false,,Stream,,Revi*,M&E : As-T,"2016",N,"Mainstem of Cross Creek from the source to a point immediately below the Minturn Middle School, except for those waters included in Segment 1.","2019","2015",N/A,,,2170.9311480666,3.88545448823079
"18",21COL001_WQX,Colorado Dept. of Public Health & Environment-WQCD,21COL001_WQX-12574A,MILK CREEK AT HORSE MOUNTAIN RD,River/Stream,,"14010003",,,,,39.757406,-106.773821,,,,Interpolation-Digital Map Source,UNKWN,,,,,,,US,"8","37",,,,,,,,,,STORET,"29494","29494",COUCEA11_A,"38329","38329",2.21292875448255,"14010003",,"33658","2024",false, , ,, ,true,COUCEA11,"2024",false,F,false,NA,C2,P,1a,false,,Stream,,Revi*,,"2016",N,Mainstem of Alkali Creek (near Wolcott) from the source to the confluence with the Eagle River. Mainstem of Milk Creek from the source to the confluence with the Eagle River.,"2015","2012",N/A,,,4637.72463247868,1.74792751965616
"19",21COL001_WQX,Colorado Dept. of Public Health & Environment-WQCD,21COL001_WQX-12574B,MILK CREEK AT MILK CREEK RD.,River/Stream,,"14010003",,,,,39.737126,-106.71167,,,,Interpolation-Digital Map Source,UNKWN,,,,,,,US,"8","37",,,,,,,,,,STORET,"29494","29494",COUCEA11_A,"38329","38329",2.21292875448255,"14010003",,"33658","2024",false, , ,, ,true,COUCEA11,"2024",false,F,false,NA,C2,P,1a,false,,Stream,,Revi*,,"2016",N,Mainstem of Alkali Creek (near Wolcott) from the source to the confluence with the Eagle River. Mainstem of Milk Creek from the source to the confluence with the Eagle River.,"2015","2012",N/A,,,4637.72463247868,4.17721843434701
"20",21COL001_WQX,Colorado Dept. of Public Health & Environment-WQCD,21COL001_WQX-12575,ALKALI CK NEAR WOLCOTT,River/Stream,,"14010003",,,,,39.72953683,-106.6783052,"24000",,,Interpolation-Map,WGS84,,,,,,,US,"8","37",,,,,,,,,,STORET,"29494","29494",COUCEA11_A,"38329","38329",2.21292875448255,"14010003",,"33658","2024",false, , ,, ,true,COUCEA11,"2024",false,F,false,NA,C2,P,1a,false,,Stream,,Revi*,,"2016",N,Mainstem of Alkali Creek (near Wolcott) from the source to the confluence with the Eagle River. Mainstem of Milk Creek from the source to the confluence with the Eagle River.,"2015","2012",N/A,,,4637.72463247868,39.375016586594
"21",21COL001_WQX,Colorado Dept. of Public Health & Environment-WQCD,21COL001_WQX-12580,ALKALI CREEK AT ALKALI CREEK RD NEAR CASTLE PEAKS WSA,River/Stream,,"14010003",,,,,39.76738433,-106.6887813,,,,GPS-Unspecified,NAD83,,,,,,,US,"8","37",,,,,,,,,,STORET,"29494","29494",COUCEA11_A,"38329","38329",2.21292875448255,"14010003",,"33658","2024",false, , ,, ,true,COUCEA11,"2024",false,F,false,NA,C2,P,1a,false,,Stream,,Revi*,,"2016",N,Mainstem of Alkali Creek (near Wolcott) from the source to the confluence with the Eagle River. Mainstem of Milk Creek from the source to the confluence with the Eagle River.,"2015","2012",N/A,,,4637.72463247868,5.8191021450258
"22",21COL001_WQX,Colorado Dept. of Public Health & Environment-WQCD,21COL001_WQX-CO0021369-D/S,Gore Creek at the Mouth D/S of CO0021369 Eagle River WSD,River/Stream,USGS gage 09066510 at Gore Creek at the Mouth,"14010003",,,,,39.609444,-106.447222,"0",,,GPS Code (Pseudo Range) Standard Position (SA Off),WGS84,,,,,,,US,"8","37",,,,,,,,,,STORET,"27711","27711",COUCEA08_A,"36042","36042",0.547454709357388,"14010003",,"35939","2024",false, , ,, ,true,COUCEA08,"2024",false,N,false,N,C1,E,"5",false,,Stream,,Revi*,"303(d) : As-T; 303(d) : Bugs(P)","2016",N,Mainstem of Gore Creek from the confluence with Black Gore Creek to the confluence with the Eagle River.,"2018","2017",N/A,,,1144.56200637885,54.9740544046467
"23",21COL001_WQX,Colorado Dept. of Public Health & Environment-WQCD,21COL001_WQX-CO0021369-U/S,Gore Creek at Forest Road U/S of CO0021369 Eagle R WSD,River/Stream,Gore Creek at Forest Road,"14010003",,,,,39.641247,-106.393671,"0",,,GPS Code (Pseudo Range) Standard Position (SA Off),WGS84,,,,,,,US,"8","37",,,,,,,,,,STORET,"27711","27711",COUCEA08_A,"36042","36042",0.547454709357388,"14010003",,"35939","2024",false, , ,, ,true,COUCEA08,"2024",false,N,false,N,C1,E,"5",false,,Stream,,Revi*,"303(d) : As-T; 303(d) : Bugs(P)","2016",N,Mainstem of Gore Creek from the confluence with Black Gore Creek to the confluence with the Eagle River.,"2018","2017",N/A,,,1144.56200637885,17.9887841557812
"24",21COL001_WQX,Colorado Dept. of Public Health & Environment-WQCD,21COL001_WQX-CO0024431-D/S,Eagle River D/S of CO0024431 outfall,River/Stream,"AWWTF Downstream at USGS 394220106431500 gage Eagle River Below Milk Creek Near Wolcott, CO","14010003",,,,,39.705,-106.7258,"0",,,GPS Code (Pseudo Range) Standard Position (SA Off),WGS84,,,,,,,US,"8","37",,,,,,,,,,STORET,"28982","28982",COUCEA09c_B,"37706","37706",2.35234059070283,"14010003",,"34278","2024",false, , ,, ,true,COUCEA09c,"2024",false,I,false,N,C1,E,"5",false,,Stream,,Revi*,"303(d) : As-T; 303(d) : Temp","2020",N,"Mainstem of the Eagle River from a point immediately below the confluence with Rube Creek to Warren Gulch (39.6785, -106.7645).","2020","2017",COUCEA09c_A,,,4921.75407618515,20.9745472739471
"25",21COL001_WQX,Colorado Dept. of Public Health & Environment-WQCD,21COL001_WQX-CO0024431-U/S,Eagle R U/S of CO0024431-001A Eagle River WSD,River/Stream,AWWTF Upstream,"14010003",,,,,39.6349,-106.5296,"0",,,GPS Code (Pseudo Range) Standard Position (SA Off),WGS84,,,,,,,US,"8","37",,,,,,,,,,STORET,"27679","27679",COUCEA09a_A,"35996","35996",0.523221981618155,"14010003",,"35985","2024",false, , ,, ,true,COUCEA09a,"2024",false,F,false,N,C1,E,"5",false,,Stream,,Revi*,303(d) : As-T,"2016",N,Eagle River from Gore Creek to confluence with Berry Creek.,"2018","2017",N/A,,,1092.8238356011,8.57664930949917
"26",21COL001_WQX,Colorado Dept. of Public Health & Environment-WQCD,21COL001_WQX-CO0037311-D/S,Eagle River d/s of CO0037311 Eagle River WSD,River/Stream,EWWTF Downstream,"14010003",,,,,39.705,-106.7258,"0",,,GPS Code (Pseudo Range) Standard Position (SA Off),WGS84,,,,,,,US,"8","37",,,,,,,,,,STORET,"28982","28982",COUCEA09c_B,"37706","37706",2.35234059070283,"14010003",,"34278","2024",false, , ,, ,true,COUCEA09c,"2024",false,I,false,N,C1,E,"5",false,,Stream,,Revi*,"303(d) : As-T; 303(d) : Temp","2020",N,"Mainstem of the Eagle River from a point immediately below the confluence with Rube Creek to Warren Gulch (39.6785, -106.7645).","2020","2017",COUCEA09c_A,,,4921.75407618515,20.9745472739471
"27",21COL001_WQX,Colorado Dept. of Public Health & Environment-WQCD,21COL001_WQX-CO0037311-U/S,Eagle River u/s of Eagle River WSD CO0037311-001A,River/Stream,EWWTF Upstream,"14010003",,,,,39.6539,-106.6268,"0",,,GPS Code (Pseudo Range) Standard Position (SA Off),WGS84,,,,,,,US,"8","37",,,,,,,,,,STORET,"28319","28319",COUCEA09a_B,"36871","36871",0.0600001919496137,"14010003",,"35112","2024",false, , ,, ,true,COUCEA09a,"2024",false,F,false,N,C1,E,"5",false,,Stream,,Revi*,303(d) : As-T,"2016",N,Eagle River from confluence with Berry Creek to confluence with Squaw Creek.,"2018","2017",N/A,,,125.262446180678,3.91773401651452
"28",21COL001_WQX,Colorado Dept. of Public Health & Environment-WQCD,21COL001_WQX-CO0048241-D/S,Eagle River D/S of CO0048241 Eagle WWTF at gage,River/Stream,At USGS river gage 09070000.,"14010003",,,,,39.64944,-106.953056,"0",,,GPS Code (Pseudo Range) Standard Position (SA Off),WGS84,,,,,,,US,"8","37",,,,,,,,,,STORET,"28199","28199",COUCEA09c_C,"36719","36719",0.680651562691041,"14010003",,"35264","2024",false, , ,, ,true,COUCEA09c,"2024",false,N,false,N,C1,E,"5",false,,Stream,,Revi*,"303(d) : As-T; 303(d) : Temp","2020",N,"Mainstem of the Eagle River from a point immediately below the confluence with Warren Gulch (39.6785, -106.7645) to the confluence with the Colorado River.","2020","2017",COUCEA09c_A,,,1421.91131036862,0.450302922056118
"29",21COL001_WQX,Colorado Dept. of Public Health & Environment-WQCD,21COL001_WQX-CO0048241-U/S,Eagle River U/S of CO0048241 Eagle WWTF,River/Stream,,"14010003",,,,,39.648516,-106.842797,"0",,,GPS Code (Pseudo Range) Standard Position (SA Off),WGS84,,,,,,,US,"8","37",,,,,,,,,,STORET,"28199","28199",COUCEA09c_C,"36719","36719",0.680651562691041,"14010003",,"35264","2024",false, , ,, ,true,COUCEA09c,"2024",false,N,false,N,C1,E,"5",false,,Stream,,Revi*,"303(d) : As-T; 303(d) : Temp","2020",N,"Mainstem of the Eagle River from a point immediately below the confluence with Warren Gulch (39.6785, -106.7645) to the confluence with the Colorado River.","2020","2017",COUCEA09c_A,,,1421.91131036862,0.755297022966953
"30",21COL001_WQX,Colorado Dept. of Public Health & Environment-WQCD,21COL001_WQX-CR0039,"EAGLE RIVER #3, ABV CO RD BLW MINTURN",River/Stream,CPW site for WQCD arsenic and selenium speciation study,"14010003",,,,,39.526666,-106.399722,,,,Interpolation-Digital Map Source,UNKWN,,,,,,,US,"8","37",,,,,,,,,,STORET,"26295","26295",COUCEA05a_B,"34349","34349",0.306789564117514,"14010003",,"37631","2024",false, , ,, ,true,COUCEA05a,"2024",false,T,false,N,C1,E,"5",false,,Stream,,Revi*,"303(d) : As-T; 303(d) : Cd-D; TMDL : Zn-D","2020",N,Mainstem of the Eagle River from the compressor house bridge in Belden to a point located 600 ft upstream of Rock Creek. ,"2020","2015",COUCEA05a_A,,,639.589539077152,59.1566100822258
"31",21COL001_WQX,Colorado Dept. of Public Health & Environment-WQCD,21COL001_WQX-CR0338,"EAGLE RIVER, EAST FORK #1, 400 M ABV RANCH CREEK NEAR CAMP HALE MEM CG",River/Stream,CPW site for WQCD arsenic and selenium speciation study,"14010003",,,,,39.41961217,-106.30300589,,,,Interpolation-Digital Map Source,UNKWN,,,,,,,US,"8","37",,,,,,,,,,STORET,"24712","24712",COUCEA03_A,"32364","32364",0.650369810229704,"14010003",,"39602","2024",false, , ,, ,true,COUCEA03,"2024",false,F,false,N,C1,E,"5",false,,Stream,,Revi*,303(d) : As-T,"2016",N,"All tributaries to the Eagle River, including wetlands, from the source to the compressor house bridge at Belden, except for the specific listing in Segment 4 and those waters included in Segment 1.","2018","2013",N/A,,,1354.83496009923,9.09110993854274
"32",21COL001_WQX,Colorado Dept. of Public Health & Environment-WQCD,21COL001_WQX-CR1455,"EAGLE RIVER, SOUTH FORK, 100 M ABV E FK EAGLE RIVER (CMPHALE1)",River/Stream,CPW site for WQCD arsenic and selenium speciation study,"14010003",,,,,39.42094664,-106.31333502,,,,Interpolation-Digital Map Source,UNKWN,,,,,,,US,"8","37",,,,,,,,,,STORET,"24521","24521",COUCEA02_B,"32098","32098",1.44857152300578,"14010003",,"39866","2024",false, , ,, ,true,COUCEA02,"2024",false,F,false,N,C1,E,"5",false,,Stream,,Revi*,303(d) : As-T,"2020",N,Mainstem of the Eagle River from the source to Peterson Creek.,"2018","2017",COUCEA02_A,,,3015.82849506965,40.2447136531873
"33",ARR,Adams Rib Ranch (Volunteer),ARR-SWBC-1,ARRA Brush Creek Monitoring Point 1,River/Stream,,"14010003",,,,,39.5746,-106.765,,,,Classical Surveying Techniques,WGS84,,,,,,,US,"8","37",,,,,,,,,,STORET,"25405","25405",COUCEA12_A,"33286","33286",2.79234927988315,"14010003",,"38687","2024",false, , ,, ,true,COUCEA12,"2024",false,I,false,F,C1,E,3b,false,,Stream,,Revi*,,"2016",N,"Mainstem of Brush Creek, from the source to the confluence with the Eagle River, including the East and West Forks.","2018","2017",N/A,,,5817.64383284326,6.70422057670416
"34",ARR,Adams Rib Ranch (Volunteer),ARR-SWBC-2,ARRA Brush Creek Monitoring Point 2,River/Stream,,"14010003",,,,,39.5967,-106.762,,,,Classical Surveying Techniques,WGS84,,,,,,,US,"8","37",,,,,,,,,,STORET,"25405","25405",COUCEA12_A,"33286","33286",2.79234927988315,"14010003",,"38687","2024",false, , ,, ,true,COUCEA12,"2024",false,I,false,F,C1,E,3b,false,,Stream,,Revi*,,"2016",N,"Mainstem of Brush Creek, from the source to the confluence with the Eagle River, including the East and West Forks.","2018","2017",N/A,,,5817.64383284326,21.0762178072754
"35",ARR,Adams Rib Ranch (Volunteer),ARR-SWBC-4,ARRA Brush Creek Monitoring Point 4,River/Stream,,"14010003",,,,,39.6224,-106.772,,,,Classical Surveying Techniques,WGS84,,,,,,,US,"8","37",,,,,,,,,,STORET,"25405","25405",COUCEA12_A,"33286","33286",2.79234927988315,"14010003",,"38687","2024",false, , ,, ,true,COUCEA12,"2024",false,I,false,F,C1,E,3b,false,,Stream,,Revi*,,"2016",N,"Mainstem of Brush Creek, from the source to the confluence with the Eagle River, including the East and West Forks.","2018","2017",N/A,,,5817.64383284326,73.4307891153411
"36",ARR,Adams Rib Ranch (Volunteer),ARR-SWFC-1,ARRA Frost Creek Monitoring Point 1,River/Stream,,"14010003",,,,,39.5781,-106.776,,,,Classical Surveying Techniques,WGS84,,,,,,,US,"8","37",,,,,,,,,,STORET,"25363","25363",COUCEA10a_A,"33232","33232",1.3836906449918,"14010003",,"38741","2024",false, , ,, ,true,COUCEA10a,"2024",false,I,false,F,C1,E,3b,false,,Stream,,Revi*,"M&E : DO; M&E : pH","2016",N,"All tributaries to the Eagle River, including all wetlands, from a point immediately below the confluence with Lake Creek to the confluence with the Colorado River, except for specific listings in Segments 10b, 11 and 12, and those waters included in Segment 1.","2018","2017",N/A,,,2889.88123552851,11.5334283117005
"37",ARR,Adams Rib Ranch (Volunteer),ARR-SWFC-2,ARRA Frost Creek Monitoring Point 2,River/Stream,,"14010003",,,,,39.5825,-106.763,,,,Classical Surveying Techniques,WGS84,,,,,,,US,"8","37",,,,,,,,,,STORET,"25405","25405",COUCEA12_A,"33286","33286",2.79234927988315,"14010003",,"38687","2024",false, , ,, ,true,COUCEA12,"2024",false,I,false,F,C1,E,3b,false,,Stream,,Revi*,,"2016",N,"Mainstem of Brush Creek, from the source to the confluence with the Eagle River, including the East and West Forks.","2018","2017",N/A,,,5817.64383284326,46.97132779267
"38",CBS,CBS Operations Inc.,CBS-E-10,EAGLE RIVER ABOVE ROCK CREEK,River/Stream,,"14010003",,,,,39.53087707,-106.4013316,,,,Classical Surveying Techniques,NAD83,,,,,,,US,"8","37",,,,,,,,,,STORET,"26295","26295",COUCEA05a_B,"34349","34349",0.306789564117514,"14010003",,"37631","2024",false, , ,, ,true,COUCEA05a,"2024",false,T,false,N,C1,E,"5",false,,Stream,,Revi*,"303(d) : As-T; 303(d) : Cd-D; TMDL : Zn-D","2020",N,Mainstem of the Eagle River from the compressor house bridge in Belden to a point located 600 ft upstream of Rock Creek. ,"2020","2015",COUCEA05a_A,,,639.589539077152,31.9368782830203
"39",CBS,CBS Operations Inc.,CBS-E-12A,EAGLE RIVER BELOW OLD TAILINGS,River/Stream,,"14010003",,,,,39.554518,-106.402124,,,,Classical Surveying Techniques,NAD83,,,,,,,US,"8","37",,,,,,,,,,STORET,"26867","26867",COUCEA05b_A,"34991","34991",0.786805702255904,"14010003",,"36990","2024",false, , ,, ,true,COUCEA05b,"2024",false,T,false,N,C1,E,"5",false,,Stream,,Revi*,"303(d) : As-T; TMDL : Zn-D","2016",N,"Mainstem of the Eagle River from a point immediately above the Highway 24 Bridge near Tigiwon Road (39.554936, -106.401691) to a point immediately above the confluence with Martin Creek.","2018","2016",N/A,,,1646.12349043764,28.6265543444549
"40",CBS,CBS Operations Inc.,CBS-E-12R,Eagle River just below East Trench seep area,River/Stream,,"14010003",,,,,39.566513,-106.403887,,,,Interpolation-Digital Map Source,NAD83,,,,,,,US,"8","37",,,,,,,,,,STORET,"26867","26867",COUCEA05b_A,"34991","34991",0.786805702255904,"14010003",,"36990","2024",false, , ,, ,true,COUCEA05b,"2024",false,T,false,N,C1,E,"5",false,,Stream,,Revi*,"303(d) : As-T; TMDL : Zn-D","2016",N,"Mainstem of the Eagle River from a point immediately above the Highway 24 Bridge near Tigiwon Road (39.554936, -106.401691) to a point immediately above the confluence with Martin Creek.","2018","2016",N/A,,,1646.12349043764,50.5064424750621
"41",CBS,CBS Operations Inc.,CBS-E-15,EAGLE RIVER BELOW CROSS CREEK,River/Stream,,"14010003",,,,,39.57702171,-106.4117917,,,,Classical Surveying Techniques,NAD83,,,,,,,US,"8","37",,,,,,,,,,STORET,"26867","26867",COUCEA05b_A,"34991","34991",0.786805702255904,"14010003",,"36990","2024",false, , ,, ,true,COUCEA05b,"2024",false,T,false,N,C1,E,"5",false,,Stream,,Revi*,"303(d) : As-T; TMDL : Zn-D","2016",N,"Mainstem of the Eagle River from a point immediately above the Highway 24 Bridge near Tigiwon Road (39.554936, -106.401691) to a point immediately above the confluence with Martin Creek.","2018","2016",N/A,,,1646.12349043764,1.88979354130712
"42",CBS,CBS Operations Inc.,CBS-E-22,EAGLE RIVER ABOVE DOWDS JUNCT.,River/Stream,,"14010003",,,,,39.6008662,-106.4358053,,,,Classical Surveying Techniques,NAD83,,,,,,,US,"8","37",,,,,,,,,,STORET,"27405","27405",COUCEA05c_A,"35631","35631",1.12641325307755,"14010003",,"36350","2024",false, , ,, ,true,COUCEA05c,"2024",false,T,false,N,C1,E,"5",false,,Stream,,Revi*,"303(d) : As-T; 303(d) : Fe-D; TMDL : Zn-D","2016",N,Mainstem of the Eagle River from a point immediately above Martin Creek to a point immediately above the confluence with Gore Creek.,"2018","2016",N/A,,,2356.39465987295,0.976599426471986
"43",CBS,CBS Operations Inc.,CBS-E- 3,EAGLE RIVER ABOVE BELDEN,River/Stream,,"14010003",,,,,39.52431926,-106.3956171,,,,Classical Surveying Techniques,NAD83,,,,,,,US,"8","37",,,,,,,,,,STORET,"26285","26285",COUCEA02_C,"34336","34336",0.982316030582945,"14010003",,"37644","2024",false, , ,, ,true,COUCEA02,"2024",false,N,false,N,C1,E,"5",false,,Stream,,Revi*,"303(d) : As-T; 303(d) : Cu-D; 303(d) : Zn-D","2020",N,Eagle River Below Peterson Creek to compressor house bridge at Belden.,"2018","2017",COUCEA02_A,,,2052.44367521107,33.3348795468006
"44",CBS,CBS Operations Inc.,CBS-T-10,ROCK CREEK AT MOUTH,River/Stream,,"14010003",,,,,39.5322364,-106.399768,,,,Classical Surveying Techniques,NAD83,,,,,,,US,"8","37",,,,,,,,,,STORET,"26568","26568",COUCEA06_I,"34652","34652",1.76899686683237,"14010003",,"37328","2024",false, , ,, ,true,COUCEA06,"2024",false,N,false,N,C1,E,"5",false,,Stream,,Revi*,"303(d) : As-T; 303(d) : Cd-D; 303(d) : Cu-D; 303(d) : Zn-D","2020",N,Rock Creek from the source to the confluence with the Eagle River.,"2018","2017",COUCEA06_A,,,3692.04477835616,18.5230447772205
"45",CBS,CBS Operations Inc.,CBS-T-10-B,"Upstream Rock Creek, just downstream of the Hwy 25",River/Stream,,"14010003",,,,,39.537466,-106.391627,,,,Classical Surveying Techniques,NAD83,,,,,,,US,"8","37",,,,,,,,,,STORET,"26568","26568",COUCEA06_I,"34652","34652",1.76899686683237,"14010003",,"37328","2024",false, , ,, ,true,COUCEA06,"2024",false,N,false,N,C1,E,"5",false,,Stream,,Revi*,"303(d) : As-T; 303(d) : Cd-D; 303(d) : Cu-D; 303(d) : Zn-D","2020",N,Rock Creek from the source to the confluence with the Eagle River.,"2018","2017",COUCEA06_A,,,3692.04477835616,6.38771316708367
"46",CBS,CBS Operations Inc.,CBS-T-18,CROSS CREEK NEAR MOUTH,River/Stream,,"14010003",,,,,39.5701401,-106.4072469,,,,Classical Surveying Techniques,NAD83,,,,,,,US,"8","37",,,,,,,,,,STORET,"26956","26956",COUCEA07b_A,"35095","35095",0.527338074650679,"14010003",,"36886","2024",false, , ,, ,true,COUCEA07b,"2024",false,F,false,F,C1,E,1b,false,,Stream,,Revi*,,"2016",N,"Mainstem of Cross Creek from a point immediately below the Minturn Middle School to the confluence with the Eagle River, except for those waters included in Segment 1.","2019","2015",N/A,,,1101.11379367201,1.13489728482795
"47",CORIVWCH_WQX,Colorado River Watch,CORIVWCH_WQX-3284,Eagle - Below Redcliff (1),River/Stream,,"14010003",,,,,39.5086,-106.3749,"160000",,,Interpolation-Map,NAD83,8580,ft,,,Topographic Map Interpolation,SEALV,US,"8","37",,,,,,,,,,STORET,"24521","24521",COUCEA02_B,"32098","32098",1.44857152300578,"14010003",,"39866","2024",false, , ,, ,true,COUCEA02,"2024",false,F,false,N,C1,E,"5",false,,Stream,,Revi*,303(d) : As-T,"2020",N,Mainstem of the Eagle River from the source to Peterson Creek.,"2018","2017",COUCEA02_A,,,3015.82849506965,1.96820165450539
"48",CORIVWCH_WQX,Colorado River Watch,CORIVWCH_WQX-3285,Eagle - Above Belden (1.9),River/Stream,,"14010003",,,,,39.52237757,-106.39575,"160000",,,Interpolation-Map,NAD83,8390,ft,,,Topographic Map Interpolation,SEALV,US,"8","37",,,,,,,,,,STORET,"26285","26285",COUCEA02_C,"34336","34336",0.982316030582945,"14010003",,"37644","2024",false, , ,, ,true,COUCEA02,"2024",false,N,false,N,C1,E,"5",false,,Stream,,Revi*,"303(d) : As-T; 303(d) : Cu-D; 303(d) : Zn-D","2020",N,Eagle River Below Peterson Creek to compressor house bridge at Belden.,"2018","2017",COUCEA02_A,,,2052.44367521107,38.861596758148
"49",CORIVWCH_WQX,Colorado River Watch,CORIVWCH_WQX-3286,Eagle - At Belden (2),River/Stream,,"14010003",,,,,39.52492694,-106.3957894,"160000",,,Interpolation-Map,NAD83,8350,ft,,,Topographic Map Interpolation,SEALV,US,"8","37",,,,,,,,,,STORET,"26285","26285",COUCEA02_C,"34336","34336",0.982316030582945,"14010003",,"37644","2024",false, , ,, ,true,COUCEA02,"2024",false,N,false,N,C1,E,"5",false,,Stream,,Revi*,"303(d) : As-T; 303(d) : Cu-D; 303(d) : Zn-D","2020",N,Eagle River Below Peterson Creek to compressor house bridge at Belden.,"2018","2017",COUCEA02_A,,,2052.44367521107,85.080113493881
"50",CORIVWCH_WQX,Colorado River Watch,CORIVWCH_WQX-3287,Eagle - Bishop G (2.9),River/Stream,,"14010003",,,,,39.5434,-106.4042,"160000",,,Interpolation-Map,NAD83,8174,ft,,,Topographic Map Interpolation,SEALV,US,"8","37",,,,,,,,,,STORET,"26525","26525",COUCEA05a_C,"34607","34607",0.771447263373941,"14010003",,"37373","2024",false, , ,, ,true,COUCEA05a,"2024",false,N,false,N,C1,E,"5",false,,Stream,,Revi*,"303(d) : As-T; 303(d) : Cd-D; 303(d) : Fe-D; TMDL : Zn-D","2020",N,Mainstem of the Eagle River from a point located 600 ft upstream of Rock Creek to a point immediately above the Highway 24 Bridge near Tigiwon Road.,"2020","2017",COUCEA05a_A,,,1613.74802821748,7.25814576002844
"51",CORIVWCH_WQX,Colorado River Watch,CORIVWCH_WQX-3289,Eagle - Above Two Elk,River/Stream,"Drive south on Hwy 24 about 4.1 miles from the I-70/Hwy 24 junction, through Minturn (toward Leadville) to a point just north of the Two Elk/Eagle River confluence.  On the river side of the road are several cottonwood trees and space to park a vehicle.  This location is about 200 to 300 feet north of the effluent pipe from the Eagle Mine waste water treatment plant.","14010003",,,,,39.5639,-106.4016,"160000",,,Interpolation-Map,NAD83,8019,ft,,,Topographic Map Interpolation,SEALV,US,"8","37",,,,,,,,,,STORET,"26867","26867",COUCEA05b_A,"34991","34991",0.786805702255904,"14010003",,"36990","2024",false, , ,, ,true,COUCEA05b,"2024",false,T,false,N,C1,E,"5",false,,Stream,,Revi*,"303(d) : As-T; TMDL : Zn-D","2016",N,"Mainstem of the Eagle River from a point immediately above the Highway 24 Bridge near Tigiwon Road (39.554936, -106.401691) to a point immediately above the confluence with Martin Creek.","2018","2016",N/A,,,1646.12349043764,2.74752277870311
"52",CORIVWCH_WQX,Colorado River Watch,CORIVWCH_WQX-3290,Eagle - Above Minturn (4),River/Stream,,"14010003",,,,,39.57399202,-106.4102434,"160000",,,Interpolation-Map,NAD83,7900,ft,,,Topographic Map Interpolation,SEALV,US,"8","37",,,,,,,,,,STORET,"26867","26867",COUCEA05b_A,"34991","34991",0.786805702255904,"14010003",,"36990","2024",false, , ,, ,true,COUCEA05b,"2024",false,T,false,N,C1,E,"5",false,,Stream,,Revi*,"303(d) : As-T; TMDL : Zn-D","2016",N,"Mainstem of the Eagle River from a point immediately above the Highway 24 Bridge near Tigiwon Road (39.554936, -106.401691) to a point immediately above the confluence with Martin Creek.","2018","2016",N/A,,,1646.12349043764,197.819383352994
"53",CORIVWCH_WQX,Colorado River Watch,CORIVWCH_WQX-3291,Eagle - USGS Boneyard,River/Stream,"Drive south about 3.1 miles from the I-70/Hwy 24 jct on Hwy 24 through Minturn (toward Leadville). At this distance, look for paved rd on left (east) side of rd leading to the river.  Gate across this rd about 50' from the hwy.  Walk though gate to end of rd, turn right and walk another 150-200' to break in old barb wire fence on the left (east). The sample site is down the slope at the river's edge.","14010003",,,,,39.5775,-106.4128,"160000",,,Interpolation-Map,NAD83,7912,ft,,,Topographic Map Interpolation,SEALV,US,"8","37",,,,,,,,,,STORET,"26867","26867",COUCEA05b_A,"34991","34991",0.786805702255904,"14010003",,"36990","2024",false, , ,, ,true,COUCEA05b,"2024",false,T,false,N,C1,E,"5",false,,Stream,,Revi*,"303(d) : As-T; TMDL : Zn-D","2016",N,"Mainstem of the Eagle River from a point immediately above the Highway 24 Bridge near Tigiwon Road (39.554936, -106.401691) to a point immediately above the confluence with Martin Creek.","2018","2016",N/A,,,1646.12349043764,2.62131043956278
"54",CORIVWCH_WQX,Colorado River Watch,CORIVWCH_WQX-3292,Eagle - Below Minturn (5),River/Stream,"From the town of Minturn, travel northwest approx 1.5 mi on US Hwy 24 to a small road crossing the Eagle River.  Sample under bridge of the small road.","14010003",,,,,39.59945313,-106.43679,"160000",,,Interpolation-Map,NAD83,7790,ft,,,Topographic Map Interpolation,SEALV,US,"8","37",,,,,,,,,,STORET,"27405","27405",COUCEA05c_A,"35631","35631",1.12641325307755,"14010003",,"36350","2024",false, , ,, ,true,COUCEA05c,"2024",false,T,false,N,C1,E,"5",false,,Stream,,Revi*,"303(d) : As-T; 303(d) : Fe-D; TMDL : Zn-D","2016",N,Mainstem of the Eagle River from a point immediately above Martin Creek to a point immediately above the confluence with Gore Creek.,"2018","2016",N/A,,,2356.39465987295,154.067722608442
"55",CORIVWCH_WQX,Colorado River Watch,CORIVWCH_WQX-3293,Eagle - Arrowhead (6),River/Stream,,"14010003",,,,,39.6363,-106.5437,"160000",,,Interpolation-Map,NAD83,7190,ft,,,Topographic Map Interpolation,SEALV,US,"8","37",,,,,,,,,,STORET,"27679","27679",COUCEA09a_A,"35996","35996",0.523221981618155,"14010003",,"35985","2024",false, , ,, ,true,COUCEA09a,"2024",false,F,false,N,C1,E,"5",false,,Stream,,Revi*,303(d) : As-T,"2016",N,Eagle River from Gore Creek to confluence with Berry Creek.,"2018","2017",N/A,,,1092.8238356011,0.978641378188337
"56",CORIVWCH_WQX,Colorado River Watch,CORIVWCH_WQX-3830,Bennett Gulch - Creek G1,River/Stream,"From the town of Minturn, head east on Hwy 24 for approximately 17 miles. On the right, there will be a sharp dirt pull off. Park here to hike to stations along Bennett Gulch","14010003",,,,,39.394965,-106.328815,"160000",,,Interpolation-Map,NAD83,10095,ft,,,Topographic Map Interpolation,SEALV,US,"8","37",,,,,,,,,,STORET,"24712","24712",COUCEA03_A,"32364","32364",0.650369810229704,"14010003",,"39602","2024",false, , ,, ,true,COUCEA03,"2024",false,F,false,N,C1,E,"5",false,,Stream,,Revi*,303(d) : As-T,"2016",N,"All tributaries to the Eagle River, including wetlands, from the source to the compressor house bridge at Belden, except for the specific listing in Segment 4 and those waters included in Segment 1.","2018","2013",N/A,,,1354.83496009923,35.3218212315985
"57",CORIVWCH_WQX,Colorado River Watch,CORIVWCH_WQX-3831,Bennett Gulch - Below Culvert,River/Stream,"From the town of Minturn, head east on Hwy 24 for approximately 17 miles. On the right, there will be a sharp dirt pull off. Park here to hike to stations along Bennett Gulch","14010003",,,,,39.395413,-106.31879,"160000",,,Interpolation-Map,NAD83,9847,ft,,,Topographic Map Interpolation,SEALV,US,"8","37",,,,,,,,,,STORET,"24712","24712",COUCEA03_A,"32364","32364",0.650369810229704,"14010003",,"39602","2024",false, , ,, ,true,COUCEA03,"2024",false,F,false,N,C1,E,"5",false,,Stream,,Revi*,303(d) : As-T,"2016",N,"All tributaries to the Eagle River, including wetlands, from the source to the compressor house bridge at Belden, except for the specific listing in Segment 4 and those waters included in Segment 1.","2018","2013",N/A,,,1354.83496009923,45.5782249700755
"58",CORIVWCH_WQX,Colorado River Watch,CORIVWCH_WQX-3832,Bennett Gulch - Below Fen 1 & 2,River/Stream,"From the town of Minturn, head east on Hwy 24 for approximately 17 miles. On the right, there will be a sharp dirt pull off. Park here to hike to stations along Bennett Gulch","14010003",,,,,39.393437,-106.320565,"160000",,,Interpolation-Map,NAD83,9892,ft,,,Topographic Map Interpolation,SEALV,US,"8","37",,,,,,,,,,STORET,"24712","24712",COUCEA03_A,"32364","32364",0.650369810229704,"14010003",,"39602","2024",false, , ,, ,true,COUCEA03,"2024",false,F,false,N,C1,E,"5",false,,Stream,,Revi*,303(d) : As-T,"2016",N,"All tributaries to the Eagle River, including wetlands, from the source to the compressor house bridge at Belden, except for the specific listing in Segment 4 and those waters included in Segment 1.","2018","2013",N/A,,,1354.83496009923,6.41176488598009
"59",CORIVWCH_WQX,Colorado River Watch,CORIVWCH_WQX-3833,Bennett Gulch - Fen 1,River/Stream,"From the town of Minturn, head east on Hwy 24 for approximately 17 miles. On the right, there will be a sharp dirt pull off. Park here to hike to stations along Bennett Gulch","14010003",,,,,39.39348,-106.320774,"160000",,,Interpolation-Map,NAD83,9895,ft,,,Topographic Map Interpolation,SEALV,US,"8","37",,,,,,,,,,STORET,"24712","24712",COUCEA03_A,"32364","32364",0.650369810229704,"14010003",,"39602","2024",false, , ,, ,true,COUCEA03,"2024",false,F,false,N,C1,E,"5",false,,Stream,,Revi*,303(d) : As-T,"2016",N,"All tributaries to the Eagle River, including wetlands, from the source to the compressor house bridge at Belden, except for the specific listing in Segment 4 and those waters included in Segment 1.","2018","2013",N/A,,,1354.83496009923,11.8620232181454
"60",CORIVWCH_WQX,Colorado River Watch,CORIVWCH_WQX-3834,Bennett Gulch - Fen 2,River/Stream,"From the town of Minturn, head east on Hwy 24 for approximately 17 miles. On the right, there will be a sharp dirt pull off. Park here to hike to stations along Bennett Gulch","14010003",,,,,39.393437,-106.320565,"160000",,,Interpolation-Map,NAD83,9891,ft,,,Topographic Map Interpolation,SEALV,US,"8","37",,,,,,,,,,STORET,"24712","24712",COUCEA03_A,"32364","32364",0.650369810229704,"14010003",,"39602","2024",false, , ,, ,true,COUCEA03,"2024",false,F,false,N,C1,E,"5",false,,Stream,,Revi*,303(d) : As-T,"2016",N,"All tributaries to the Eagle River, including wetlands, from the source to the compressor house bridge at Belden, except for the specific listing in Segment 4 and those waters included in Segment 1.","2018","2013",N/A,,,1354.83496009923,6.41176488598009
"61",CORIVWCH_WQX,Colorado River Watch,CORIVWCH_WQX-3835,Bennett Gulch - Below Fen 3 & 4,River/Stream,"From the town of Minturn, head east on Hwy 24 for approximately 17 miles. On the right, there will be a sharp dirt pull off. Park here to hike to stations along Bennett Gulch","14010003",,,,,39.393956,-106.320098,"160000",,,Interpolation-Map,NAD83,9872,ft,,,Topographic Map Interpolation,SEALV,US,"8","37",,,,,,,,,,STORET,"24712","24712",COUCEA03_A,"32364","32364",0.650369810229704,"14010003",,"39602","2024",false, , ,, ,true,COUCEA03,"2024",false,F,false,N,C1,E,"5",false,,Stream,,Revi*,303(d) : As-T,"2016",N,"All tributaries to the Eagle River, including wetlands, from the source to the compressor house bridge at Belden, except for the specific listing in Segment 4 and those waters included in Segment 1.","2018","2013",N/A,,,1354.83496009923,31.0109410599095
"62",CORIVWCH_WQX,Colorado River Watch,CORIVWCH_WQX-3836,Bennett Gulch - Fen 3,River/Stream,"From the town of Minturn, head east on Hwy 24 for approximately 17 miles. On the right, there will be a sharp dirt pull off. Park here to hike to stations along Bennett Gulch. Parking coordinates: 13S 0386470,4361068.","14010003",,,,,39.393859,-106.319945,"160000",,,Interpolation-Map,NAD83,9875,ft,,,Topographic Map Interpolation,SEALV,US,"8","37",,,,,,,,,,STORET,"24712","24712",COUCEA03_A,"32364","32364",0.650369810229704,"14010003",,"39602","2024",false, , ,, ,true,COUCEA03,"2024",false,F,false,N,C1,E,"5",false,,Stream,,Revi*,303(d) : As-T,"2016",N,"All tributaries to the Eagle River, including wetlands, from the source to the compressor house bridge at Belden, except for the specific listing in Segment 4 and those waters included in Segment 1.","2018","2013",N/A,,,1354.83496009923,14.0362479542569
"63",CORIVWCH_WQX,Colorado River Watch,CORIVWCH_WQX-3837,Bennett Gulch - Fen 4,River/Stream,"From the town of Minturn, head east on Hwy 24 for approximately 17 miles. On the right, there will be a sharp dirt pull off. Park here to hike to stations along Bennett Gulch. Parking coordinates: 13S 0386470,4361068.","14010003",,,,,39.393769,-106.319909,"160000",,,Interpolation-Map,NAD83,9888,ft,,,Topographic Map Interpolation,SEALV,US,"8","37",,,,,,,,,,STORET,"24712","24712",COUCEA03_A,"32364","32364",0.650369810229704,"14010003",,"39602","2024",false, , ,, ,true,COUCEA03,"2024",false,F,false,N,C1,E,"5",false,,Stream,,Revi*,303(d) : As-T,"2016",N,"All tributaries to the Eagle River, including wetlands, from the source to the compressor house bridge at Belden, except for the specific listing in Segment 4 and those waters included in Segment 1.","2018","2013",N/A,,,1354.83496009923,5.73853572133478
"64",CORIVWCH_WQX,Colorado River Watch,CORIVWCH_WQX-430,Gore Cr - Betty Alpine AC,River/Stream,"From Betty Ford Alpine Center, follow Betty Ford Way towards Gore Cr to walking path, then walk down path to Gore Cr","14010003",,,,,39.638625,-106.366073,"160000",,,Interpolation-Map,NAD83,8229,ft,,,Topographic Map Interpolation,SEALV,US,"8","37",,,,,,,,,,STORET,"27711","27711",COUCEA08_A,"36042","36042",0.547454709357388,"14010003",,"35939","2024",false, , ,, ,true,COUCEA08,"2024",false,N,false,N,C1,E,"5",false,,Stream,,Revi*,"303(d) : As-T; 303(d) : Bugs(P)","2016",N,Mainstem of Gore Creek from the confluence with Black Gore Creek to the confluence with the Eagle River.,"2018","2017",N/A,,,1144.56200637885,8.61411720683932
"65",CORIVWCH_WQX,Colorado River Watch,CORIVWCH_WQX-608,Brush Cr - Sylvan Lake Road Br,River/Stream,"Starting from US6 and Sylvan Lake Rd roundabout in Eagle, head SW for 1.5 miles. Once you cross the bridge over Brush Cr, park on the north (left) side of the road. Walk down the hill along the bridge and through the willows on the trail to reach the sampling point.","14010003",,,,,39.637912,-106.818079,"160000",,,Interpolation-Map,NAD83,6654,ft,,,Topographic Map Interpolation,SEALV,US,"8","37",,,,,,,,,,STORET,"25405","25405",COUCEA12_A,"33286","33286",2.79234927988315,"14010003",,"38687","2024",false, , ,, ,true,COUCEA12,"2024",false,I,false,F,C1,E,3b,false,,Stream,,Revi*,,"2016",N,"Mainstem of Brush Creek, from the source to the confluence with the Eagle River, including the East and West Forks.","2018","2017",N/A,,,5817.64383284326,28.6966556835328
"66",CORIVWCH_WQX,Colorado River Watch,CORIVWCH_WQX-613,Brush Cr - Town Storage Building,River/Stream,"From US6 and Sylvan Lake Rd roundabout in Eagle, head SW for 1.6 miles. Turn right onto Brush Cr Rd and travel 1.7 miles. The destination will be on the right. Park in gravel lot and walk south toward river.","14010003",,,,,39.628673,-106.789007,"160000",,,Interpolation-Map,NAD83,6821,ft,,,Topographic Map Interpolation,SEALV,US,"8","37",,,,,,,,,,STORET,"25405","25405",COUCEA12_A,"33286","33286",2.79234927988315,"14010003",,"38687","2024",false, , ,, ,true,COUCEA12,"2024",false,I,false,F,C1,E,3b,false,,Stream,,Revi*,,"2016",N,"Mainstem of Brush Creek, from the source to the confluence with the Eagle River, including the East and West Forks.","2018","2017",N/A,,,5817.64383284326,187.970679139476
"67",CORIVWCH_WQX,Colorado River Watch,CORIVWCH_WQX-614,Brush Cr - Below BCVROS Bridge,River/Stream,"From US6 and Sylvan Lake Rd roundabout in Eagle, head SW for 1.6 miles. Turn right onto Brush Cr Rd and travel 2.8 miles. Turn left into Brush Cr Valley Ranch Open Space parking lot. Walk north on trail toward bridge for sampling.","14010003",,,,,39.622439,-106.772402,"160000",,,Interpolation-Map,NAD83,6914,ft,,,Topographic Map Interpolation,SEALV,US,"8","37",,,,,,,,,,STORET,"25405","25405",COUCEA12_A,"33286","33286",2.79234927988315,"14010003",,"38687","2024",false, , ,, ,true,COUCEA12,"2024",false,I,false,F,C1,E,3b,false,,Stream,,Revi*,,"2016",N,"Mainstem of Brush Creek, from the source to the confluence with the Eagle River, including the East and West Forks.","2018","2017",N/A,,,5817.64383284326,45.9098298829207
"68",CORIVWCH_WQX,Colorado River Watch,CORIVWCH_WQX-615,Brush Cr - Brush Cr @ Confluence,River/Stream,"From US6 and Sylvan Lake Rd roundabout in Eagle, head SW for 1.6 miles. Turn right onto Brush Cr Rd and travel 8.6 miles. Park on the right shoulder in front of the Sylvan Lake State Park sign, across from visitor center entrance. Walk down the embankment and cross old road to reach sampling site.","14010003",,,,,39.541802,-106.755323,"160000",,,Interpolation-Map,NAD83,7573,ft,,,Topographic Map Interpolation,SEALV,US,"8","37",,,,,,,,,,STORET,"25405","25405",COUCEA12_A,"33286","33286",2.79234927988315,"14010003",,"38687","2024",false, , ,, ,true,COUCEA12,"2024",false,I,false,F,C1,E,3b,false,,Stream,,Revi*,,"2016",N,"Mainstem of Brush Creek, from the source to the confluence with the Eagle River, including the East and West Forks.","2018","2017",N/A,,,5817.64383284326,46.4414627916107
"69",CORIVWCH_WQX,Colorado River Watch,CORIVWCH_WQX-950,Eagle - Tigiwon Gauge,River/Stream,"The station is located at the site of USGS stream gaging station 09064600, Eagle River near Minturn, CO.","14010003",,,,,39.5542,-106.4016,"160000",,,Interpolation-Map,NAD83,8115,ft,,,Topographic Map Interpolation,SEALV,US,"8","37",,,,,,,,,,STORET,"26525","26525",COUCEA05a_C,"34607","34607",0.771447263373941,"14010003",,"37373","2024",false, , ,, ,true,COUCEA05a,"2024",false,N,false,N,C1,E,"5",false,,Stream,,Revi*,"303(d) : As-T; 303(d) : Cd-D; 303(d) : Fe-D; TMDL : Zn-D","2020",N,Mainstem of the Eagle River from a point located 600 ft upstream of Rock Creek to a point immediately above the Highway 24 Bridge near Tigiwon Road.,"2020","2017",COUCEA05a_A,,,1613.74802821748,26.7396505622232
"70",CORIVWCH_WQX,Colorado River Watch,CORIVWCH_WQX-955,Eagle - At School,River/Stream,"From the School head NW on 23rd St toward CO-33 / Larimer St, get on I-70 toward Edwards, exit Edwards, left at Beard Cr Rd, conint on Edwards Spur, turn righ at CO-6","14010003",,,,,39.6575,-106.634,"160000",,,Interpolation-Map,NAD83,7123,ft,,,Topographic Map Interpolation,SEALV,US,"8","37",,,,,,,,,,STORET,"28319","28319",COUCEA09a_B,"36871","36871",0.0600001919496137,"14010003",,"35112","2024",false, , ,, ,true,COUCEA09a,"2024",false,F,false,N,C1,E,"5",false,,Stream,,Revi*,303(d) : As-T,"2016",N,Eagle River from confluence with Berry Creek to confluence with Squaw Creek.,"2018","2017",N/A,,,125.262446180678,3.9236010096821
"71",CORIVWCH_WQX,Colorado River Watch,CORIVWCH_WQX-967,Gore Cr - Kinicknick Br (6),River/Stream,W Vail Exit off I-70 at Kinicknick Br sample upstream,"14010003",,,,,39.6200201,-106.4274991,"160000",,,Interpolation-Map,NAD83,7837,ft,,,Topographic Map Interpolation,SEALV,US,"8","37",,,,,,,,,,STORET,"27711","27711",COUCEA08_A,"36042","36042",0.547454709357388,"14010003",,"35939","2024",false, , ,, ,true,COUCEA08,"2024",false,N,false,N,C1,E,"5",false,,Stream,,Revi*,"303(d) : As-T; 303(d) : Bugs(P)","2016",N,Mainstem of Gore Creek from the confluence with Black Gore Creek to the confluence with the Eagle River.,"2018","2017",N/A,,,1144.56200637885,1.99708526652225
"72",CORIVWCH_WQX,Colorado River Watch,CORIVWCH_WQX-968,Gore Cr - Ford Pk (5),River/Stream,"E Vail Exit off I-70 before Vail, to SW to river","14010003",,,,,39.64146963,-106.3052141,"160000",,,Interpolation-Map,NAD83,8376,ft,,,Topographic Map Interpolation,SEALV,US,"8","37",,,,,,,,,,STORET,"27711","27711",COUCEA08_A,"36042","36042",0.547454709357388,"14010003",,"35939","2024",false, , ,, ,true,COUCEA08,"2024",false,N,false,N,C1,E,"5",false,,Stream,,Revi*,"303(d) : As-T; 303(d) : Bugs(P)","2016",N,Mainstem of Gore Creek from the confluence with Black Gore Creek to the confluence with the Eagle River.,"2018","2017",N/A,,,1144.56200637885,1.38667288746873
"73",CORIVWCH_WQX,Colorado River Watch,CORIVWCH_WQX-969,Gore Cr - E Vail Exit (4),River/Stream,"Vail Valley Dr exit off I-70 before Vail travel over Gore Cr west to end of road, sample there","14010003",,,,,39.64020217,-106.3599272,"160000",,,Interpolation-Map,NAD83,8230,ft,,,Topographic Map Interpolation,SEALV,US,"8","37",,,,,,,,,,STORET,"27711","27711",COUCEA08_A,"36042","36042",0.547454709357388,"14010003",,"35939","2024",false, , ,, ,true,COUCEA08,"2024",false,N,false,N,C1,E,"5",false,,Stream,,Revi*,"303(d) : As-T; 303(d) : Bugs(P)","2016",N,Mainstem of Gore Creek from the confluence with Black Gore Creek to the confluence with the Eagle River.,"2018","2017",N/A,,,1144.56200637885,0.243313031185326
"74",CORIVWCH_WQX,Colorado River Watch,CORIVWCH_WQX-970,Gore Cr - Bighorn Pk (7),River/Stream,Off I-70 before Vail at Bighorn Park,"14010003",,,,,39.63528132,-106.29623,"160000",,,Interpolation-Map,NAD83,8456,ft,,,Topographic Map Interpolation,SEALV,US,"8","37",,,,,,,,,,STORET,"27711","27711",COUCEA08_A,"36042","36042",0.547454709357388,"14010003",,"35939","2024",false, , ,, ,true,COUCEA08,"2024",false,N,false,N,C1,E,"5",false,,Stream,,Revi*,"303(d) : As-T; 303(d) : Bugs(P)","2016",N,Mainstem of Gore Creek from the confluence with Black Gore Creek to the confluence with the Eagle River.,"2018","2017",N/A,,,1144.56200637885,45.0449958828164
"75",ERWC,Eagle River Watershed Council (ERWC) (Volunteer),ERWC-BOOCRaBCD,Booth Creek 3 abv Booth Cr Drive,River/Stream,,"14010003",,,,,39.64619,-106.32275,,,,Classical Surveying Techniques,NAD83,,,,,,,US,"8","37",,,,,,,,,,STORET,"25991","25991",COUCEA06_J,"33984","33984",1.37507902360179,"14010003",,"37995","2024",false, , ,, ,true,COUCEA06,"2024",false,F,false,N,C1,E,"5",false,,Stream,,Revi*,303(d) : As-T,"2020",N,"All tributaries to the Eagle River, including all wetlands, from above the compressor house bridge at Belden (39.526879, -106.394950) to a point immediately below the confluence with Lake Creek, except for the specific listings in Segments 1, 7a, 7b, and 8. With other exceptions to Black Gore and Rock Creek.

","2018","2017",COUCEA06_A,,,2872.80241523952,28.6430100315156
"76",ERWC,Eagle River Watershed Council (ERWC) (Volunteer),ERWC-BOOCRaFB,Booth Creek 1 at USFS Boundary,River/Stream,,"14010003",,,,,39.6521,-106.32141,,,,Classical Surveying Techniques,NAD83,,,,,,,US,"8","37",,,,,,,,,,STORET,"25991","25991",COUCEA06_J,"33984","33984",1.37507902360179,"14010003",,"37995","2024",false, , ,, ,true,COUCEA06,"2024",false,F,false,N,C1,E,"5",false,,Stream,,Revi*,303(d) : As-T,"2020",N,"All tributaries to the Eagle River, including all wetlands, from above the compressor house bridge at Belden (39.526879, -106.394950) to a point immediately below the confluence with Lake Creek, except for the specific listings in Segments 1, 7a, 7b, and 8. With other exceptions to Black Gore and Rock Creek.

","2018","2017",COUCEA06_A,,,2872.80241523952,11.8553232803508
"77",ERWC,Eagle River Watershed Council (ERWC) (Volunteer),ERWC-BRCaER,Brush Creek at Eagle River,River/Stream,,"14010003",,,,,39.647,-106.8415278,,,,Classical Surveying Techniques,NAD83,,,,,,,US,"8","37",,,,,,,,,,STORET,"25405","25405",COUCEA12_A,"33286","33286",2.79234927988315,"14010003",,"38687","2024",false, , ,, ,true,COUCEA12,"2024",false,I,false,F,C1,E,3b,false,,Stream,,Revi*,,"2016",N,"Mainstem of Brush Creek, from the source to the confluence with the Eagle River, including the East and West Forks.","2018","2017",N/A,,,5817.64383284326,3.90509761146121
"78",ERWC,Eagle River Watershed Council (ERWC) (Volunteer),ERWC-ERaATP,ER abv Avon WWTP,River/Stream,,"14010003",,,,,39.63507,-106.52963,,,,Classical Surveying Techniques,NAD83,,,,,,,US,"8","37",,,,,,,,,,STORET,"27679","27679",COUCEA09a_A,"35996","35996",0.523221981618155,"14010003",,"35985","2024",false, , ,, ,true,COUCEA09a,"2024",false,F,false,N,C1,E,"5",false,,Stream,,Revi*,303(d) : As-T,"2016",N,Eagle River from Gore Creek to confluence with Berry Creek.,"2018","2017",N/A,,,1092.8238356011,8.21770794532965
"79",ERWC,Eagle River Watershed Council (ERWC) (Volunteer),ERWC-ERaCP,Eagle River above Chamber's Park,River/Stream,,"14010003",,,,,39.65706,-106.82808,,,,Classical Surveying Techniques,NAD83,,,,,,,US,"8","37",,,,,,,,,,STORET,"28199","28199",COUCEA09c_C,"36719","36719",0.680651562691041,"14010003",,"35264","2024",false, , ,, ,true,COUCEA09c,"2024",false,N,false,N,C1,E,"5",false,,Stream,,Revi*,"303(d) : As-T; 303(d) : Temp","2020",N,"Mainstem of the Eagle River from a point immediately below the confluence with Warren Gulch (39.6785, -106.7645) to the confluence with the Colorado River.","2020","2017",COUCEA09c_A,,,1421.91131036862,7.54071632497195
"80",ERWC,Eagle River Watershed Council (ERWC) (Volunteer),ERWC-ERaMin,"EAGLE RIVER NEAR MINTURN, CO",River/Stream,,"14010003",,,,,39.55388,-106.40253,,,,Unknown,NAD27,,,,,,,US,"8","37",,,,,,,,,,STORET,"26525","26525",COUCEA05a_C,"34607","34607",0.771447263373941,"14010003",,"37373","2024",false, , ,, ,true,COUCEA05a,"2024",false,N,false,N,C1,E,"5",false,,Stream,,Revi*,"303(d) : As-T; 303(d) : Cd-D; 303(d) : Fe-D; TMDL : Zn-D","2020",N,Mainstem of the Eagle River from a point located 600 ft upstream of Rock Creek to a point immediately above the Highway 24 Bridge near Tigiwon Road.,"2020","2017",COUCEA05a_A,,,1613.74802821748,49.9611733543747
"81",ERWC,Eagle River Watershed Council (ERWC) (Volunteer),ERWC-ERaRC,"EAGLE RIVER AT RED CLIFF, CO",River/Stream,,"14010003",,,,,39.50832,-106.36695,,,,Unknown,NAD27,,,,,,,US,"8","37",,,,,,,,,,STORET,"24521","24521",COUCEA02_B,"32098","32098",1.44857152300578,"14010003",,"39866","2024",false, , ,, ,true,COUCEA02,"2024",false,F,false,N,C1,E,"5",false,,Stream,,Revi*,303(d) : As-T,"2020",N,Mainstem of the Eagle River from the source to Peterson Creek.,"2018","2017",COUCEA02_A,,,3015.82849506965,103.382294704799
"82",ERWC,Eagle River Watershed Council (ERWC) (Volunteer),ERWC-ERatFG,Eagle River at Fairgrounds,River/Stream,,"14010003",,,,,39.65397,-106.83303,,,,Classical Surveying Techniques,NAD83,,,,,,,US,"8","37",,,,,,,,,,STORET,"28199","28199",COUCEA09c_C,"36719","36719",0.680651562691041,"14010003",,"35264","2024",false, , ,, ,true,COUCEA09c,"2024",false,N,false,N,C1,E,"5",false,,Stream,,Revi*,"303(d) : As-T; 303(d) : Temp","2020",N,"Mainstem of the Eagle River from a point immediately below the confluence with Warren Gulch (39.6785, -106.7645) to the confluence with the Colorado River.","2020","2017",COUCEA09c_A,,,1421.91131036862,11.94999376116
"83",ERWC,Eagle River Watershed Council (ERWC) (Volunteer),ERWC-ERatGC,"EAGLE RIVER ABOVE GORE CREEK NR. MINTURN, CO",River/Stream,,"14010003",,,,,39.60749,-106.44503,,,,Unknown,NAD27,,,,,,,US,"8","37",,,,,,,,,,STORET,"27405","27405",COUCEA05c_A,"35631","35631",1.12641325307755,"14010003",,"36350","2024",false, , ,, ,true,COUCEA05c,"2024",false,T,false,N,C1,E,"5",false,,Stream,,Revi*,"303(d) : As-T; 303(d) : Fe-D; TMDL : Zn-D","2016",N,Mainstem of the Eagle River from a point immediately above Martin Creek to a point immediately above the confluence with Gore Creek.,"2018","2016",N/A,,,2356.39465987295,27.4922358451592
"84",ERWC,Eagle River Watershed Council (ERWC) (Volunteer),ERWC-ERblwMCWOL,"EAGLE RIVER BELOW MILK CREEK NEAR WOLCOTT, CO",River/Stream,,"14010003",,,,,39.705,-106.72583,,,,Unknown,NAD27,,,,,,,US,"8","37",,,,,,,,,,STORET,"28982","28982",COUCEA09c_B,"37706","37706",2.35234059070283,"14010003",,"34278","2024",false, , ,, ,true,COUCEA09c,"2024",false,I,false,N,C1,E,"5",false,,Stream,,Revi*,"303(d) : As-T; 303(d) : Temp","2020",N,"Mainstem of the Eagle River from a point immediately below the confluence with Rube Creek to Warren Gulch (39.6785, -106.7645).","2020","2017",COUCEA09c_A,,,4921.75407618515,21.5669409295346
"85",ERWC,Eagle River Watershed Council (ERWC) (Volunteer),ERWC-ERGYP,"EAGLE RIVER AT GYPSUM, CO",River/Stream,,"14010003",,,,,39.64999,-106.95227,,,,Unknown,NAD27,,,,,,,US,"8","37",,,,,,,,,,STORET,"28199","28199",COUCEA09c_C,"36719","36719",0.680651562691041,"14010003",,"35264","2024",false, , ,, ,true,COUCEA09c,"2024",false,N,false,N,C1,E,"5",false,,Stream,,Revi*,"303(d) : As-T; 303(d) : Temp","2020",N,"Mainstem of the Eagle River from a point immediately below the confluence with Warren Gulch (39.6785, -106.7645) to the confluence with the Colorado River.","2020","2017",COUCEA09c_A,,,1421.91131036862,2.18702549823518
"86",ERWC,Eagle River Watershed Council (ERWC) (Volunteer),ERWC-ERWC-Booth1,Booth Creek at USFS Boundary,River/Stream,,"14010003",,,,,39.6521,-106.3214,,,,GPS-Unspecified,NAD83,,,,,,,US,"8","37",,,,,,,,,,STORET,"25991","25991",COUCEA06_J,"33984","33984",1.37507902360179,"14010003",,"37995","2024",false, , ,, ,true,COUCEA06,"2024",false,F,false,N,C1,E,"5",false,,Stream,,Revi*,303(d) : As-T,"2020",N,"All tributaries to the Eagle River, including all wetlands, from above the compressor house bridge at Belden (39.526879, -106.394950) to a point immediately below the confluence with Lake Creek, except for the specific listings in Segments 1, 7a, 7b, and 8. With other exceptions to Black Gore and Rock Creek.

","2018","2017",COUCEA06_A,,,2872.80241523952,10.9973458473105
"87",ERWC,Eagle River Watershed Council (ERWC) (Volunteer),ERWC-ERWC-Booth3,Booth Creek abv Booth Cr Drive,River/Stream,,"14010003",,,,,39.6462,-106.3227,,,,GPS-Unspecified,NAD83,,,,,,,US,"8","37",,,,,,,,,,STORET,"25991","25991",COUCEA06_J,"33984","33984",1.37507902360179,"14010003",,"37995","2024",false, , ,, ,true,COUCEA06,"2024",false,F,false,N,C1,E,"5",false,,Stream,,Revi*,303(d) : As-T,"2020",N,"All tributaries to the Eagle River, including all wetlands, from above the compressor house bridge at Belden (39.526879, -106.394950) to a point immediately below the confluence with Lake Creek, except for the specific listings in Segments 1, 7a, 7b, and 8. With other exceptions to Black Gore and Rock Creek.

","2018","2017",COUCEA06_A,,,2872.80241523952,24.2249750931724
"88",ERWC,Eagle River Watershed Council (ERWC) (Volunteer),ERWC-ERWC-BRCaER,Brush Creek at Eagle River,River/Stream,,"14010003",,,,,39.647,-106.8415278,,,,GPS-Unspecified,NAD83,,,,,,,US,"8","37",,,,,,,,,,STORET,"25405","25405",COUCEA12_A,"33286","33286",2.79234927988315,"14010003",,"38687","2024",false, , ,, ,true,COUCEA12,"2024",false,I,false,F,C1,E,3b,false,,Stream,,Revi*,,"2016",N,"Mainstem of Brush Creek, from the source to the confluence with the Eagle River, including the East and West Forks.","2018","2017",N/A,,,5817.64383284326,3.90509761146121
"89",ERWC,Eagle River Watershed Council (ERWC) (Volunteer),ERWC-ERWC-ERaATP,Eagle River above Avon Treatment Plant,River/Stream,,"14010003",,,,,39.63445,-106.5287,,,,GPS-Unspecified,NAD83,,,,,,,US,"8","37",,,,,,,,,,STORET,"27679","27679",COUCEA09a_A,"35996","35996",0.523221981618155,"14010003",,"35985","2024",false, , ,, ,true,COUCEA09a,"2024",false,F,false,N,C1,E,"5",false,,Stream,,Revi*,303(d) : As-T,"2016",N,Eagle River from Gore Creek to confluence with Berry Creek.,"2018","2017",N/A,,,1092.8238356011,7.19590565392915
"90",ERWC,Eagle River Watershed Council (ERWC) (Volunteer),ERWC-ERWC-ERaCP,Eagle River above Chamber's Park,River/Stream,,"14010003",,,,,39.65706,-106.82808,,,,GPS-Unspecified,NAD83,,,,,,,US,"8","37",,,,,,,,,,STORET,"28199","28199",COUCEA09c_C,"36719","36719",0.680651562691041,"14010003",,"35264","2024",false, , ,, ,true,COUCEA09c,"2024",false,N,false,N,C1,E,"5",false,,Stream,,Revi*,"303(d) : As-T; 303(d) : Temp","2020",N,"Mainstem of the Eagle River from a point immediately below the confluence with Warren Gulch (39.6785, -106.7645) to the confluence with the Colorado River.","2020","2017",COUCEA09c_A,,,1421.91131036862,7.54071632497195
"91",ERWC,Eagle River Watershed Council (ERWC) (Volunteer),ERWC-ERWC-ERaMin,"Eagle River Near Minturn, CO",River/Stream,,"14010003",,,,,39.55388,-106.40253,,,,GPS-Unspecified,NAD83,,,,,,,US,"8","37",,,,,,,,,,STORET,"26525","26525",COUCEA05a_C,"34607","34607",0.771447263373941,"14010003",,"37373","2024",false, , ,, ,true,COUCEA05a,"2024",false,N,false,N,C1,E,"5",false,,Stream,,Revi*,"303(d) : As-T; 303(d) : Cd-D; 303(d) : Fe-D; TMDL : Zn-D","2020",N,Mainstem of the Eagle River from a point located 600 ft upstream of Rock Creek to a point immediately above the Highway 24 Bridge near Tigiwon Road.,"2020","2017",COUCEA05a_A,,,1613.74802821748,49.9611733543747
"92",ERWC,Eagle River Watershed Council (ERWC) (Volunteer),ERWC-ERWC-ERaRC,"Eagle River at Red Cliff, CO",River/Stream,,"14010003",,,,,39.50832,-106.36695,,,,GPS-Unspecified,NAD83,,,,,,,US,"8","37",,,,,,,,,,STORET,"24521","24521",COUCEA02_B,"32098","32098",1.44857152300578,"14010003",,"39866","2024",false, , ,, ,true,COUCEA02,"2024",false,F,false,N,C1,E,"5",false,,Stream,,Revi*,303(d) : As-T,"2020",N,Mainstem of the Eagle River from the source to Peterson Creek.,"2018","2017",COUCEA02_A,,,3015.82849506965,103.382294704799
"93",ERWC,Eagle River Watershed Council (ERWC) (Volunteer),ERWC-ERWC-ERatFG,Eagle River at Fairgrounds,River/Stream,,"14010003",,,,,39.65397,-106.83303,,,,GPS-Unspecified,NAD83,,,,,,,US,"8","37",,,,,,,,,,STORET,"28199","28199",COUCEA09c_C,"36719","36719",0.680651562691041,"14010003",,"35264","2024",false, , ,, ,true,COUCEA09c,"2024",false,N,false,N,C1,E,"5",false,,Stream,,Revi*,"303(d) : As-T; 303(d) : Temp","2020",N,"Mainstem of the Eagle River from a point immediately below the confluence with Warren Gulch (39.6785, -106.7645) to the confluence with the Colorado River.","2020","2017",COUCEA09c_A,,,1421.91131036862,11.94999376116
"94",ERWC,Eagle River Watershed Council (ERWC) (Volunteer),ERWC-ERWC-ERatGC,"Eagle River Above Gore Creek Nr. Minturn, CO",River/Stream,,"14010003",,,,,39.60749,-106.44503,,,,GPS-Unspecified,NAD83,,,,,,,US,"8","37",,,,,,,,,,STORET,"27405","27405",COUCEA05c_A,"35631","35631",1.12641325307755,"14010003",,"36350","2024",false, , ,, ,true,COUCEA05c,"2024",false,T,false,N,C1,E,"5",false,,Stream,,Revi*,"303(d) : As-T; 303(d) : Fe-D; TMDL : Zn-D","2016",N,Mainstem of the Eagle River from a point immediately above Martin Creek to a point immediately above the confluence with Gore Creek.,"2018","2016",N/A,,,2356.39465987295,27.4922358451592
"95",ERWC,Eagle River Watershed Council (ERWC) (Volunteer),ERWC-ERWC-ERblwMCWOL,Eagle River near Wolcott,River/Stream,,"14010003",,,,,39.705,-106.7258,,,,GPS-Unspecified,NAD83,,,,,,,US,"8","37",,,,,,,,,,STORET,"28982","28982",COUCEA09c_B,"37706","37706",2.35234059070283,"14010003",,"34278","2024",false, , ,, ,true,COUCEA09c,"2024",false,I,false,N,C1,E,"5",false,,Stream,,Revi*,"303(d) : As-T; 303(d) : Temp","2020",N,"Mainstem of the Eagle River from a point immediately below the confluence with Rube Creek to Warren Gulch (39.6785, -106.7645).","2020","2017",COUCEA09c_A,,,4921.75407618515,20.9745472739471
"96",ERWC,Eagle River Watershed Council (ERWC) (Volunteer),ERWC-ERWC-ERGYP,"Eagle River at Gypsum, CO",River/Stream,,"14010003",,,,,39.64999,-106.95227,,,,GPS-Unspecified,NAD83,,,,,,,US,"8","37",,,,,,,,,,STORET,"28199","28199",COUCEA09c_C,"36719","36719",0.680651562691041,"14010003",,"35264","2024",false, , ,, ,true,COUCEA09c,"2024",false,N,false,N,C1,E,"5",false,,Stream,,Revi*,"303(d) : As-T; 303(d) : Temp","2020",N,"Mainstem of the Eagle River from a point immediately below the confluence with Warren Gulch (39.6785, -106.7645) to the confluence with the Colorado River.","2020","2017",COUCEA09c_A,,,1421.91131036862,2.18702549823518
"97",ERWC,Eagle River Watershed Council (ERWC) (Volunteer),ERWC-ERWC-GCaBGC,"Gore Creek at Upper Station, Near Minturn, CO",River/Stream,,"14010003",,,,,39.62582,-106.27808,,,,GPS-Unspecified,NAD83,,,,,,,US,"8","37",,,,,,,,,,STORET,"24257","24257",COUCEA01_A,"31756","31756",1.69666198287106,"14010003",,"40202","2024",false, , ,, ,true,COUCEA01,"2024",false,F,false,F,C1,E,1a,false,,Stream,,OW,,"2016",N,"All tributaries to the Eagle River, including all wetlands, within the Gore Range - Eagles Nest and Holy Cross Wilderness Areas.","2018","2017",N/A,,,3536.50406615041,8.01613514048959
"98",ERWC,Eagle River Watershed Council (ERWC) (Volunteer),ERWC-ERWC-GCaER,Gore Creek above Eagle River,River/Stream,,"14010003",,,,,39.60943,-106.447808,,,,GPS-Unspecified,NAD83,,,,,,,US,"8","37",,,,,,,,,,STORET,"27711","27711",COUCEA08_A,"36042","36042",0.547454709357388,"14010003",,"35939","2024",false, , ,, ,true,COUCEA08,"2024",false,N,false,N,C1,E,"5",false,,Stream,,Revi*,"303(d) : As-T; 303(d) : Bugs(P)","2016",N,Mainstem of Gore Creek from the confluence with Black Gore Creek to the confluence with the Eagle River.,"2018","2017",N/A,,,1144.56200637885,23.3028048972195
"99",ERWC,Eagle River Watershed Council (ERWC) (Volunteer),ERWC-ERWC-Mill1,Mill Creek abv Windisch Way,River/Stream,,"14010003",,,,,39.6351,-106.3701,,,,GPS-Unspecified,NAD83,,,,,,,US,"8","37",,,,,,,,,,STORET,"25991","25991",COUCEA06_J,"33984","33984",1.37507902360179,"14010003",,"37995","2024",false, , ,, ,true,COUCEA06,"2024",false,F,false,N,C1,E,"5",false,,Stream,,Revi*,303(d) : As-T,"2020",N,"All tributaries to the Eagle River, including all wetlands, from above the compressor house bridge at Belden (39.526879, -106.394950) to a point immediately below the confluence with Lake Creek, except for the specific listings in Segments 1, 7a, 7b, and 8. With other exceptions to Black Gore and Rock Creek.

","2018","2017",COUCEA06_A,,,2872.80241523952,28.8909649047863
"100",ERWC,Eagle River Watershed Council (ERWC) (Volunteer),ERWC-ERWC-Mill3,Mill Creek at confluence w/ Gore Cr,River/Stream,,"14010003",,,,,39.6411,-106.373,,,,GPS-Unspecified,NAD83,,,,,,,US,"8","37",,,,,,,,,,STORET,"27711","27711",COUCEA08_A,"36042","36042",0.547454709357388,"14010003",,"35939","2024",false, , ,, ,true,COUCEA08,"2024",false,N,false,N,C1,E,"5",false,,Stream,,Revi*,"303(d) : As-T; 303(d) : Bugs(P)","2016",N,Mainstem of Gore Creek from the confluence with Black Gore Creek to the confluence with the Eagle River.,"2018","2017",N/A,,,1144.56200637885,21.0261514825169
"101",ERWC,Eagle River Watershed Council (ERWC) (Volunteer),ERWC-GCaBGC,"GORE CREEK AT UPPER STATION, NEAR MINTURN, CO",River/Stream,,"14010003",,,,,39.62582,-106.27808,,,,Unknown,NAD27,,,,,,,US,"8","37",,,,,,,,,,STORET,"24257","24257",COUCEA01_A,"31756","31756",1.69666198287106,"14010003",,"40202","2024",false, , ,, ,true,COUCEA01,"2024",false,F,false,F,C1,E,1a,false,,Stream,,OW,,"2016",N,"All tributaries to the Eagle River, including all wetlands, within the Gore Range - Eagles Nest and Holy Cross Wilderness Areas.","2018","2017",N/A,,,3536.50406615041,8.01613514048959
"102",ERWC,Eagle River Watershed Council (ERWC) (Volunteer),ERWC-GCaER,Gore Creek abv Eagle River,River/Stream,,"14010003",,,,,39.61006,-106.44689,,,,Classical Surveying Techniques,NAD83,,,,,,,US,"8","37",,,,,,,,,,STORET,"27711","27711",COUCEA08_A,"36042","36042",0.547454709357388,"14010003",,"35939","2024",false, , ,, ,true,COUCEA08,"2024",false,N,false,N,C1,E,"5",false,,Stream,,Revi*,"303(d) : As-T; 303(d) : Bugs(P)","2016",N,Mainstem of Gore Creek from the confluence with Black Gore Creek to the confluence with the Eagle River.,"2018","2017",N/A,,,1144.56200637885,21.7899883062312
"103",ERWC,Eagle River Watershed Council (ERWC) (Volunteer),ERWC-MILCRabvWINDW,Mill Creek 1 abv Windisch Way,River/Stream,,"14010003",,,,,39.6351,-106.3701,,,,Classical Surveying Techniques,NAD83,,,,,,,US,"8","37",,,,,,,,,,STORET,"25991","25991",COUCEA06_J,"33984","33984",1.37507902360179,"14010003",,"37995","2024",false, , ,, ,true,COUCEA06,"2024",false,F,false,N,C1,E,"5",false,,Stream,,Revi*,303(d) : As-T,"2020",N,"All tributaries to the Eagle River, including all wetlands, from above the compressor house bridge at Belden (39.526879, -106.394950) to a point immediately below the confluence with Lake Creek, except for the specific listings in Segments 1, 7a, 7b, and 8. With other exceptions to Black Gore and Rock Creek.

","2018","2017",COUCEA06_A,,,2872.80241523952,28.8909649047863
"104",ERWC,Eagle River Watershed Council (ERWC) (Volunteer),ERWC-MILCRaMO,Mill Creek 3 at confluence with Gore Creek,River/Stream,,"14010003",,,,,39.6411,-106.373,,,,Classical Surveying Techniques,NAD83,,,,,,,US,"8","37",,,,,,,,,,STORET,"27711","27711",COUCEA08_A,"36042","36042",0.547454709357388,"14010003",,"35939","2024",false, , ,, ,true,COUCEA08,"2024",false,N,false,N,C1,E,"5",false,,Stream,,Revi*,"303(d) : As-T; 303(d) : Bugs(P)","2016",N,Mainstem of Gore Creek from the confluence with Black Gore Creek to the confluence with the Eagle River.,"2018","2017",N/A,,,1144.56200637885,21.0261514825169
"105",ERWSD,Eagle River Water and Sanitation District,ERWSD-GCAVTP,Gore Creek above Vail WWTF,River/Stream,,"14010003",,,,,39.6411,-106.287517,,,,Interpolation-Digital Map Source,WGS84,,,,,,,US,"8","37",,,,,,,,,,STORET,"24257","24257",COUCEA01_A,"31756","31756",1.69666198287106,"14010003",,"40202","2024",false, , ,, ,true,COUCEA01,"2024",false,F,false,F,C1,E,1a,false,,Stream,,OW,,"2016",N,"All tributaries to the Eagle River, including all wetlands, within the Gore Range - Eagles Nest and Holy Cross Wilderness Areas.","2018","2017",N/A,,,3536.50406615041,207.321060719392
"106",ERWSD,Eagle River Water and Sanitation District,ERWSD-GCEV,Gore Creek at East Vail,River/Stream,,"14010003",,,,,39.6432,-106.307869,,,,Interpolation-Digital Map Source,WGS84,,,,,,,US,"8","37",,,,,,,,,,STORET,"27711","27711",COUCEA08_A,"36042","36042",0.547454709357388,"14010003",,"35939","2024",false, , ,, ,true,COUCEA08,"2024",false,N,false,N,C1,E,"5",false,,Stream,,Revi*,"303(d) : As-T; 303(d) : Bugs(P)","2016",N,Mainstem of Gore Creek from the confluence with Black Gore Creek to the confluence with the Eagle River.,"2018","2017",N/A,,,1144.56200637885,17.7161564468376
"107",NARS_WQX,EPA National Aquatic Resources Survey (NARS),NARS_WQX-NRS_CO-10226,East Fork Homestake Creek,River/Stream,SmallStreams,"14010003",,,,,39.36936448,-106.4524344,,,,GPS-Unspecified,NAD83,3276.825,m,,,Unknown,UNKWN,US,"8","37",,,,,,,,,,STORET,"24257","24257",COUCEA01_A,"31756","31756",1.69666198287106,"14010003",,"40202","2024",false, , ,, ,true,COUCEA01,"2024",false,F,false,F,C1,E,1a,false,,Stream,,OW,,"2016",N,"All tributaries to the Eagle River, including all wetlands, within the Gore Range - Eagles Nest and Holy Cross Wilderness Areas.","2018","2017",N/A,,,3536.50406615041,0.346178261923229
"108",NARS_WQX,EPA National Aquatic Resources Survey (NARS),NARS_WQX-NRS_CO-10322,Homestake Creek,River/Stream,LargeStreams,"14010003",,,,,39.42575934,-106.4124235,,,,GPS-Unspecified,NAD83,2764.655,m,,,Unknown,UNKWN,US,"8","37",,,,,,,,,,STORET,"24837","24837",COUCEA04_A,"32513","32513",1.97410415775144,"14010003",,"39453","2024",false, , ,, ,true,COUCEA04,"2024",false,F,false,F,C1,E,1a,false,,Stream,,Revi*,,"2016",N,Mainstem of Homestake Creek from the confluence of the East Fork to the confluence with the Eagle River.,"2018","2016",N/A,,,4116.78836500032,0.869909824631233
"109",NARS_WQX,EPA National Aquatic Resources Survey (NARS),NARS_WQX-NRS_CO-10486,Eagle River,River/Stream,RiversOther,"14010003",,,,,39.64405982,-107.0192684,,,,GPS-Unspecified,NAD83,1885.48,m,,,Unknown,UNKWN,US,"8","37",,,,,,,,,,STORET,"28199","28199",COUCEA09c_C,"36719","36719",0.680651562691041,"14010003",,"35264","2024",false, , ,, ,true,COUCEA09c,"2024",false,N,false,N,C1,E,"5",false,,Stream,,Revi*,"303(d) : As-T; 303(d) : Temp","2020",N,"Mainstem of the Eagle River from a point immediately below the confluence with Warren Gulch (39.6785, -106.7645) to the confluence with the Colorado River.","2020","2017",COUCEA09c_A,,,1421.91131036862,0.565354148901956
"110",NARS_WQX,EPA National Aquatic Resources Survey (NARS),NARS_WQX-NRS_CO-10510,Two Elk Creek,River/Stream,SmallStreams,"14010003",,,,,39.565669,-106.399405,,,,GPS-Unspecified,NAD83,2458.71,m,,,Unknown,UNKWN,US,"8","37",,,,,,,,,,STORET,"25991","25991",COUCEA06_J,"33984","33984",1.37507902360179,"14010003",,"37995","2024",false, , ,, ,true,COUCEA06,"2024",false,F,false,N,C1,E,"5",false,,Stream,,Revi*,303(d) : As-T,"2020",N,"All tributaries to the Eagle River, including all wetlands, from above the compressor house bridge at Belden (39.526879, -106.394950) to a point immediately below the confluence with Lake Creek, except for the specific listings in Segments 1, 7a, 7b, and 8. With other exceptions to Black Gore and Rock Creek.

","2018","2017",COUCEA06_A,,,2872.80241523952,14.2044189357498
"111",NARS_WQX,EPA National Aquatic Resources Survey (NARS),NARS_WQX-NRS_CO-10511,East Fork Homestake Creek,River/Stream,SmallStreams,"14010003",,,,,39.3658,-106.45122,,,,GPS-Unspecified,NAD83,3147.41,m,,,Unknown,UNKWN,US,"8","37",,,,,,,,,,STORET,"24257","24257",COUCEA01_A,"31756","31756",1.69666198287106,"14010003",,"40202","2024",false, , ,, ,true,COUCEA01,"2024",false,F,false,F,C1,E,1a,false,,Stream,,OW,,"2016",N,"All tributaries to the Eagle River, including all wetlands, within the Gore Range - Eagles Nest and Holy Cross Wilderness Areas.","2018","2017",N/A,,,3536.50406615041,26.5192474948518
