"UseClass","Category","Indicator","Units","valueType","n","Censored","Organization","Minimum","Median","Maximum","Severity","DateOfMax","Percentile_15th","Percentile_85th","Kendal_Slope","Kendal_pValue","standard","StandardsExceeded","Impaired","Assessment"
"Aquatic_Life","Physical","Dissolved_Oxygen","mg/l","Dissolved","30","0","USGS-CO","7.4","10.05","11.3","","2019-12-17","8.2","10.9","","","7","FALSE","FALSE","Good"
"Aquatic_Life","Physical","Specific_Conductance","umho/cm","","6","0","CBS","118","178","256","","2018-09-14","143.5","219.25","","","500","FALSE","FALSE","Good"
"Aquatic_Life","Physical","pH","Std. Units","","10","0","CBS,CORIVWCH_WQX","7","8.01","8.5","","2018-09-14","7.6085","8.278","","","6.5,9.0","FALSE","FALSE","Good"
"Aquatic_Life","Nutrients","Chlorophyll_a","mg/m^2","","0","","","","","","","","","","","","150","","","Data Gap"
"Aquatic_Life","Nutrients","Total_Nitrogen","ug/l","Total","29","11","USGS-CO","0","100","500","","2019-05-16","0","250","","","1250","FALSE","FALSE","Good"
"Aquatic_Life","Nutrients","Total_Phosphorous","ug/l","Total","30","9","USGS-CO","0","5","33","","2019-05-16","0","15","","","110","FALSE","FALSE","Good"
"Aquatic_Life","Inorganics","Ammonia","mg/l as N","Total","0","","","","","","","","","","","","((0.0577/(1+10^7.688-pH))+(2.487/(1+10^(pH-7.688)))*min(2.85, 1.45*10^(0.028*(25-temp))))","","","Data Gap"
"Aquatic_Life","Inorganics","Chlorine","mg/l","Total Residual","0","","","","","","","","","","","","0.011","","","Data Gap"
"Aquatic_Life","Inorganics","Cyanide","mg/l","Free Available","0","","","","","","","","","","","","0.005","","","Data Gap"
"Aquatic_Life","Inorganics","Nitrite_N","mg/l as N","Dissolved","57","56","USGS-CO","0","0","0.003","","2019-12-17","0","0","","","0.05","FALSE","FALSE","Good"
"Aquatic_Life","Inorganics","Sulfide_H2S","mg/l","","0","","","","","","","","","","","","0.002","","","Data Gap"
"Aquatic_Life","Metals","Aluminum","ug/l","Total","4","2","","0","183.5","906","",NA,"0","663.45","","","ifelse(pH >= 7.0, exp(1.3695*(log(hardness))-0.1158), min(87, exp(1.3695*(log(hardness))-0.1158)))","FALSE","FALSE","Good"
"Aquatic_Life","Metals","Arsenic","ug/l","Total","43","12","USGS-CO,ERWC","0","0.3","576000","","2021-04-27","0","31556.9999999999","","","150","TRUE","TRUE","Poor"
"Aquatic_Life","Metals","Cadmium","ug/l","Dissolved","54","13","USGS-CO,CBS,ERWC","0","0.064","309000","","2020-03-17","0","502.399999999999","","","1.101672-(log(hardness)*(0.041838))*exp(0.7977*(log(hardness))-3.909)","TRUE","TRUE","Poor"
"Aquatic_Life","Metals","Chromium_III","ug/l","Dissolved","0","","","","","","","","","","","","exp(0.819*(log(hardness))+0.5340)","","","Data Gap"
"Aquatic_Life","Metals","Chromium_VI","ug/l","Dissolved","0","","","","","","","","","","","","11","","","Data Gap"
"Aquatic_Life","Metals","Copper","ug/l","Dissolved","54","9","USGS-CO,CBS,ERWC","0","1.7","119000","","2020-03-10","0","112.05","","","0.96*exp(0.5897*(log(hardness))-0.4845)","TRUE","TRUE","Poor"
"Aquatic_Life","Metals","Iron","ug/l","Total","34","0","","148","319.5","4927","",NA,"215.75","725.95","","","1000","TRUE","FALSE","Good"
"Aquatic_Life","Metals","Lead","ug/l","Dissolved","34","4","USGS-CO","0","0.0665","0.476","","2020-04-13","0.0278","0.17305","","","(1.46203-(log(hardness)*0.145712))*exp(1.273*(log(hardness))-4.705)","FALSE","FALSE","Good"
"Aquatic_Life","Metals","Manganese","ug/l","Dissolved","35","0","USGS-CO,CBS","13.8","83.5","572000","","2018-03-09","19.42","138.48","","","exp(0.3331*(log(hardness))+5.8743)","TRUE","FALSE","Good"
"Aquatic_Life","Metals","Mercury","ug/l","Total","0","","","","","","","","","","","","0.01","","","Data Gap"
"Aquatic_Life","Metals","Nickel","ug/l","Dissolved","0","","","","","","","","","","","","exp(0.846*(log(hardness))+0.0554)","","","Data Gap"
"Aquatic_Life","Metals","Selenium","ug/l","Dissolved","34","4","USGS-CO","0","0.11","0.22","","2020-02-19","0.0695","0.16","","","4.6","FALSE","FALSE","Good"
"Aquatic_Life","Metals","Silver","ug/l","Dissolved","30","30","USGS-CO","","","","","","","","","","exp(1.72*(log(hardness))-10.51)","","","Poor Resolution"
"Aquatic_Life","Metals","Thallium","ug/l","Dissolved","0","","","","","","","","","","","","15","","","Data Gap"
"Aquatic_Life","Metals","Uranium","ug/l","Dissolved","0","","","","","","","","","","","","exp(1.1021*(log(hardness))+2.2382)","","","Data Gap"
"Aquatic_Life","Metals","Zinc","ug/l","Dissolved","54","5","USGS-CO,CBS,ERWC","0","46.65","180000","","2018-09-14","11.39","12260","","","0.986*exp(0.8537*(log(hardness))+1.2481)","TRUE","TRUE","Poor"
"Recreation","Contact","Dissolved_Oxygen","mg/l","Dissolved","30","0","USGS-CO","7.4","10.05","11.3","","2019-12-17","8.2","10.9","","","3","FALSE","FALSE","Good"
"Recreation","Contact","E_coli","cfu/100ml","","29","5","USGS-CO","0","2","44","","2019-05-16","0.2","9.6","","","126","FALSE","FALSE","Good"
"Recreation","Contact","pH","Std. Units","","10","0","CBS,CORIVWCH_WQX","7","8.01","8.5","","2018-09-14","7.6085","8.278","","","6.5,9.0","FALSE","FALSE","Good"
"Human_Health","Water_Supply","Antimony","ug/l","Total","0","","","","","","","","","","","","6","","","Data Gap"
"Human_Health","Water_Supply","Arsenic","ug/l","Total","43","12","USGS-CO,ERWC","0","0.3","576000","","2021-04-27","0","31556.9999999999","","","10","TRUE","TRUE","Poor"
"Human_Health","Water_Supply","Asbestos","fibers/L","","0","","","","","","","","","","","","7,000,000","","","Data Gap"
"Human_Health","Water_Supply","Barium","ug/l","Total","0","","","","","","","","","","","","490","","","Data Gap"
"Human_Health","Water_Supply","Beryllium","ug/l","Total","0","","","","","","","","","","","","4","","","Data Gap"
"Human_Health","Water_Supply","Cadmium","ug/l","Total","4","2","","0","0.27","2.93","",NA,"0","1.8545","","","5","FALSE","FALSE","Good"
"Human_Health","Water_Supply","Chloride","mg/l","Dissolved","30","0","USGS-CO","0.42","2.5","7.64","","2019-03-26","0.9755","3.732","","","250","FALSE","FALSE","Good"
"Human_Health","Water_Supply","Chromium_III","ug/l","Total","0","","","","","","","","","","","","50","","","Data Gap"
"Human_Health","Water_Supply","Chromium_VI","ug/l","Total","0","","","","","","","","","","","","50","","","Data Gap"
"Human_Health","Water_Supply","Copper","ug/l","Total","4","0","","3","5.7","20","",NA,"3.18","14.6","","","1000","FALSE","FALSE","Good"
"Human_Health","Water_Supply","Cyanide","mg/l","Free Available","0","","","","","","","","","","","","0.2","","","Data Gap"
"Human_Health","Water_Supply","Dissolved_Oxygen","mg/l","Dissolved","30","0","USGS-CO","7.4","10.05","11.3","","2019-12-17","8.2","10.9","","","3","FALSE","FALSE","Good"
"Human_Health","Water_Supply","E_coli","cfu/100ml","","29","5","USGS-CO","0","2","44","","2019-05-16","0.2","9.6","","","630","FALSE","FALSE","Good"
"Human_Health","Water_Supply","Fluoride","mg/l","Dissolved","30","0","USGS-CO","0.05","0.07","0.1","","2021-03-15","0.0535","0.08","","","2","FALSE","FALSE","Good"
"Human_Health","Water_Supply","Iron","ug/l","Dissolved","4","0","","244","277.5","544","",NA,"251.2","431.95","","","300","TRUE","TRUE","Poor"
"Human_Health","Water_Supply","Lead","ug/l","Total","4","3","","0","0","34","",NA,"0","18.7","","","50","FALSE","FALSE","Good"
"Human_Health","Water_Supply","Manganese","ug/l","Dissolved","35","0","USGS-CO,CBS","13.8","83.5","572000","","2018-03-09","19.42","138.48","","","50","TRUE","TRUE","Poor"
"Human_Health","Water_Supply","Mercury","ug/l","Total","0","","","","","","","","","","","","2","","","Data Gap"
"Human_Health","Water_Supply","Molybdenum","ug/l","Total","0","","","","","","","","","","","","210","","","Data Gap"
"Human_Health","Water_Supply","Nickel","ug/l","Total","0","","","","","","","","","","","","100","","","Data Gap"
"Human_Health","Water_Supply","Nitrate_N","mg/l as N","Dissolved","34","8","USGS-CO","0","0.042","0.158","","2019-05-16","0","0.10425","","","10","FALSE","FALSE","Good"
"Human_Health","Water_Supply","Nitrite_N","mg/l as N","Dissolved","57","56","USGS-CO","0","0","0.003","","2019-12-17","0","0","","","1","FALSE","FALSE","Good"
"Human_Health","Water_Supply","Selenium","ug/l","Total","4","4","","","","","","","","","","","50","","","Poor Resolution"
"Human_Health","Water_Supply","Silver","ug/l","Total","0","","","","","","","","","","","","100","","","Data Gap"
"Human_Health","Water_Supply","Sulfate","mg/l","Dissolved","30","0","USGS-CO","5.2","33.65","56.3","","2021-03-15","9.9905","49.1","","","250","FALSE","FALSE","Good"
"Human_Health","Water_Supply","Sulfide_H2S","mg/l","Dissolved","0","","","","","","","","","","","","0.05","","","Data Gap"
"Human_Health","Water_Supply","Thallium","ug/l","Total","0","","","","","","","","","","","","0.5","","","Data Gap"
"Human_Health","Water_Supply","Uranium","ug/l","Total","0","","","","","","","","","","","","16.8","","","Data Gap"
"Human_Health","Water_Supply","Zinc","ug/l","Total","4","0","","123.6","170","813.2","",NA,"139.89","528.35","","","5000","FALSE","FALSE","Good"
"Human_Health","Water_Supply","pH","Std. Units","","10","0","CBS,CORIVWCH_WQX","7","8.01","8.5","","2018-09-14","7.6085","8.278","","","5.0,9.0","FALSE","FALSE","Good"
"Human_Health","Fish_Ingestion","Antimony","ug/l","Total","0","","","","","","","","","","","","640","","","Data Gap"
"Human_Health","Fish_Ingestion","Arsenic","ug/l","Total","43","12","USGS-CO,ERWC","0","0.3","576000","","2021-04-27","0","31556.9999999999","","","7.6","TRUE","TRUE","Poor"
"Human_Health","Fish_Ingestion","Nickel","ug/l","Total","0","","","","","","","","","","","","4600","","","Data Gap"
"Human_Health","Fish_Ingestion","Selenium","ug/l","Total","4","4","","","","","","","","","","","4200","","","Poor Resolution"
"Human_Health","Fish_Ingestion","Thallium","ug/l","Total","0","","","","","","","","","","","","0.47","","","Data Gap"
"Human_Health","Fish_Ingestion","Zinc","ug/l","Total","4","0","","123.6","170","813.2","",NA,"139.89","528.35","","","26000","FALSE","FALSE","Good"
"Human_Health","Fish_Water","Antimony","ug/l","Total","0","","","","","","","","","","","","5.6","","","Data Gap"
"Human_Health","Fish_Water","Arsenic","ug/l","Total","43","12","USGS-CO,ERWC","0","0.3","576000","","2021-04-27","0","31556.9999999999","","","0.02","TRUE","TRUE","Poor"
"Human_Health","Fish_Water","Chromium_VI","ug/l","Total","0","","","","","","","","","","","","100","","","Data Gap"
"Human_Health","Fish_Water","Copper","ug/l","Total","4","0","","3","5.7","20","",NA,"3.18","14.6","","","1300","FALSE","FALSE","Good"
"Human_Health","Fish_Water","Nickel","ug/l","Total","0","","","","","","","","","","","","610","","","Data Gap"
"Human_Health","Fish_Water","Selenium","ug/l","Total","4","4","","","","","","","","","","","170","","","Poor Resolution"
"Human_Health","Fish_Water","Thallium","ug/l","Total","0","","","","","","","","","","","","0.24","","","Data Gap"
"Human_Health","Fish_Water","Zinc","ug/l","Total","4","0","","123.6","170","813.2","",NA,"139.89","528.35","","","7400","FALSE","FALSE","Good"
"Agriculture","Water_Supply","Arsenic","ug/l","Total","43","12","USGS-CO,ERWC","0","0.3","576000","","2021-04-27","0","31556.9999999999","","","100","TRUE","TRUE","Poor"
"Agriculture","Water_Supply","Beryllium","ug/l","Total","0","","","","","","","","","","","","100","","","Data Gap"
"Agriculture","Water_Supply","Boron","mg/l","Dissolved","0","","","","","","","","","","","","0.75","","","Data Gap"
"Agriculture","Water_Supply","Cadmium","ug/l","Total","4","2","","0","0.27","2.93","",NA,"0","1.8545","","","10","FALSE","FALSE","Good"
"Agriculture","Water_Supply","Chromium_III","ug/l","Total","0","","","","","","","","","","","","100","","","Data Gap"
"Agriculture","Water_Supply","Chromium_VI","ug/l","Total","0","","","","","","","","","","","","100","","","Data Gap"
"Agriculture","Water_Supply","Copper","ug/l","Total","4","0","","3","5.7","20","",NA,"3.18","14.6","","","200","FALSE","FALSE","Good"
"Agriculture","Water_Supply","Cyanide","mg/l","Dissolved","0","","","","","","","","","","","","0.2","","","Data Gap"
"Agriculture","Water_Supply","Lead","ug/l","Total","4","3","","0","0","34","",NA,"0","18.7","","","100","FALSE","FALSE","Good"
"Agriculture","Water_Supply","Manganese","ug/l","Total","34","0","","23.9","96.5","968.1","",NA,"33.5","157.135","","","200","TRUE","FALSE","Good"
"Agriculture","Water_Supply","Molybdenum","ug/l","Total","0","","","","","","","","","","","","300","","","Data Gap"
"Agriculture","Water_Supply","Nickel","ug/l","Total","0","","","","","","","","","","","","200","","","Data Gap"
"Agriculture","Water_Supply","Nitrate_N","mg/l as N","Dissolved","34","8","USGS-CO","0","0.042","0.158","","2019-05-16","0","0.10425","","","100","FALSE","FALSE","Good"
"Agriculture","Water_Supply","Nitrite_N","mg/l as N","Dissolved","57","56","USGS-CO","0","0","0.003","","2019-12-17","0","0","","","10","FALSE","FALSE","Good"
"Agriculture","Water_Supply","Selenium","ug/l","Total","4","4","","","","","","","","","","","20","","","Poor Resolution"
"Agriculture","Water_Supply","Zinc","ug/l","Total","4","0","","123.6","170","813.2","",NA,"139.89","528.35","","","2000","FALSE","FALSE","Good"
