"UseClass","Category","Indicator","Units","valueType","n","Censored","Organization","Minimum","Median","Maximum","Severity","DateOfMax","Percentile_15th","Percentile_85th","Kendal_Slope","Kendal_pValue","standard","StandardsExceeded","Impaired","Assessment"
"Aquatic_Life","Physical","Dissolved_Oxygen","mg/l","Dissolved","30","0","USGS-CO","8.9","10.5","14.8","","2020-11-17","9.2","12.265","","","7","FALSE","FALSE","Good"
"Aquatic_Life","Physical","Specific_Conductance","umho/cm","","0","","","","","","","","","","","","500","","","Data Gap"
"Aquatic_Life","Physical","pH","Std. Units","","32","0","NARS_WQX,21COL001_WQX","7.65","8.48","9.16","","2021-08-17","8.133","8.896","","","6.5,9.0","TRUE","FALSE","Good"
"Aquatic_Life","Nutrients","Chlorophyll_a","mg/m^2","","0","","","","","","","","","","","","","","","Data Gap"
"Aquatic_Life","Nutrients","Total_Nitrogen","ug/l","Total","58","9","USGS-CO,21COL001_WQX","0","455","2100","","2019-03-28","80.2999999999998","917.45","","","1250","FALSE","FALSE","Good"
"Aquatic_Life","Nutrients","Total_Phosphorous","ug/l","Total","182","12","USGS-CO,21COL001_WQX","0","52.5","2000","","2021-07-13","20","160","","","",NA,NA,"Data Gap"
"Aquatic_Life","Inorganics","Ammonia","mg/l as N","Total","74","74","21COL001_WQX","","","","","","","","","","((0.0577/(1+10^7.688-pH))+(2.487/(1+10^(pH-7.688)))*min(2.85, 1.45*10^(0.028*(25-temp))))","","","Poor Resolution"
"Aquatic_Life","Inorganics","Chlorine","mg/l","Total Residual","0","","","","","","","","","","","","0.011","","","Data Gap"
"Aquatic_Life","Inorganics","Cyanide","mg/l","Free Available","0","","","","","","","","","","","","0.005","","","Data Gap"
"Aquatic_Life","Inorganics","Nitrite_N","mg/l as N","Dissolved","36","13","USGS-CO","0","0.003","0.023","","2019-12-19","0","0.007","","","0.05","FALSE","FALSE","Good"
"Aquatic_Life","Inorganics","Sulfide_H2S","mg/l","","0","","","","","","","","","","","","0.002","","","Data Gap"
"Aquatic_Life","Metals","Aluminum","ug/l","Total","15","11","","0","0","6200","",NA,"0","322.4","","","ifelse(pH >= 7.0, exp(1.3695*(log(hardness))-0.1158), min(87, exp(1.3695*(log(hardness))-0.1158)))","TRUE","FALSE","Good"
"Aquatic_Life","Metals","Arsenic","ug/l","Total","30","13","USGS-CO","0","0.2675","4.38","",NA,"0","0.73545","","","150","FALSE","FALSE","Good"
"Aquatic_Life","Metals","Cadmium","ug/l","Dissolved","52","50","USGS-CO","0","0","0.034","","2019-09-25","0","0","","","1.101672-(log(hardness)*(0.041838))*exp(0.7977*(log(hardness))-3.909)","FALSE","FALSE","Good"
"Aquatic_Life","Metals","Chromium_III","ug/l","Dissolved","0","","","","","","","","","","","","exp(0.819*(log(hardness))+0.5340)","","","Data Gap"
"Aquatic_Life","Metals","Chromium_VI","ug/l","Dissolved","0","","","","","","","","","","","","11","","","Data Gap"
"Aquatic_Life","Metals","Copper","ug/l","Dissolved","52","31","USGS-CO","0","0","2.4","","2019-05-14","0","1.3","","","exp(0.8545*(log(hardness))-1.7428)","FALSE","FALSE","Good"
"Aquatic_Life","Metals","Iron","ug/l","Total","52","0","","16.9","92.7","8800","",NA,"37.42","708.05","","","1000","TRUE","FALSE","Good"
"Aquatic_Life","Metals","Lead","ug/l","Dissolved","52","32","USGS-CO","0","0","1.21","",NA,"0","0.0517","","","(1.46203-(log(hardness)*0.145712))*exp(1.273*(log(hardness))-4.705)","FALSE","FALSE","Good"
"Aquatic_Life","Metals","Manganese","ug/l","Dissolved","52","1","USGS-CO","0","11.55","26.1","",NA,"7.63","18.84","","","exp(0.3331*(log(hardness))+5.8743)","FALSE","FALSE","Good"
"Aquatic_Life","Metals","Mercury","ug/l","Total","15","14","","0","0","0.129","",NA,"0","0","","","0.01","TRUE","FALSE","Good"
"Aquatic_Life","Metals","Nickel","ug/l","Dissolved","30","29","USGS-CO","0","0","0.5","","2022-05-04","0","0","","","exp(0.846*(log(hardness))+0.0554)","FALSE","FALSE","Good"
"Aquatic_Life","Metals","Selenium","ug/l","Dissolved","53","19","USGS-CO","0","0.49","2.2","","2019-03-28","0","0.6816","","","4.6","FALSE","FALSE","Good"
"Aquatic_Life","Metals","Silver","ug/l","Dissolved","49","49","USGS-CO","","","","","","","","","","exp(1.72*(log(hardness))-10.51)","","","Poor Resolution"
"Aquatic_Life","Metals","Thallium","ug/l","Dissolved","15","15","","","","","","","","","","","15","","","Poor Resolution"
"Aquatic_Life","Metals","Uranium","ug/l","Dissolved","0","","","","","","","","","","","","exp(1.1021*(log(hardness))+2.2382)","","","Data Gap"
"Aquatic_Life","Metals","Zinc","ug/l","Dissolved","52","18","USGS-CO","0","4.65","41","",NA,"0","13.18","","","0.986*exp(0.9094*(log(hardness))+0.6235)","FALSE","FALSE","Good"
"Recreation","Contact","Dissolved_Oxygen","mg/l","Dissolved","30","0","USGS-CO","8.9","10.5","14.8","","2020-11-17","9.2","12.265","","","3","FALSE","FALSE","Good"
"Recreation","Contact","E_coli","cfu/100ml","","29","3","USGS-CO","0","10","73","","2022-05-19","1","31.8","","","126","FALSE","FALSE","Good"
"Recreation","Contact","pH","Std. Units","","32","0","NARS_WQX,21COL001_WQX","7.65","8.48","9.16","","2021-08-17","8.133","8.896","","","6.5,9.0","TRUE","FALSE","Good"
"Human_Health","Water_Supply","Antimony","ug/l","Total","0","","","","","","","","","","","","6","","","Data Gap"
"Human_Health","Water_Supply","Arsenic","ug/l","Total","30","13","USGS-CO","0","0.2675","4.38","",NA,"0","0.73545","","","10","FALSE","FALSE","Good"
"Human_Health","Water_Supply","Asbestos","fibers/L","","0","","","","","","","","","","","","7,000,000","","","Data Gap"
"Human_Health","Water_Supply","Barium","ug/l","Total","1","0","","69.5","69.5","69.5","","2022-05-04","69.5","69.5","","","490","FALSE","FALSE","Good"
"Human_Health","Water_Supply","Beryllium","ug/l","Total","0","","","","","","","","","","","","4","","","Data Gap"
"Human_Health","Water_Supply","Cadmium","ug/l","Total","16","15","USGS-CO","0","0","0.16","","2022-05-04","0","0","","","5","FALSE","FALSE","Good"
"Human_Health","Water_Supply","Chloride","mg/l","Dissolved","30","0","USGS-CO","7.38","146.5","207","","2019-12-19","31.57","174.3","","","250","FALSE","FALSE","Acceptable"
"Human_Health","Water_Supply","Chromium_III","ug/l","Total","0","","","","","","","","","","","","50","","","Data Gap"
"Human_Health","Water_Supply","Chromium_VI","ug/l","Total","0","","","","","","","","","","","","50","","","Data Gap"
"Human_Health","Water_Supply","Copper","ug/l","Total","1","0","","3.5","3.5","3.5","","2022-05-04","3.5","3.5","","","1000","FALSE","FALSE","Good"
"Human_Health","Water_Supply","Cyanide","mg/l","Free Available","0","","","","","","","","","","","","0.2","","","Data Gap"
"Human_Health","Water_Supply","Dissolved_Oxygen","mg/l","Dissolved","30","0","USGS-CO","8.9","10.5","14.8","","2020-11-17","9.2","12.265","","","3","FALSE","FALSE","Good"
"Human_Health","Water_Supply","E_coli","cfu/100ml","","29","3","USGS-CO","0","10","73","","2022-05-19","1","31.8","","","630","FALSE","FALSE","Good"
"Human_Health","Water_Supply","Fluoride","mg/l","Dissolved","30","0","USGS-CO","0.06","0.125","0.16","","2022-01-27","0.08","0.14","","","2","FALSE","FALSE","Good"
"Human_Health","Water_Supply","Iron","ug/l","Dissolved","30","0","USGS-CO","5.7","25.8","143","",NA,"13.245","45.55","","","300","FALSE","FALSE","Good"
"Human_Health","Water_Supply","Lead","ug/l","Total","16","12","","0","0","51.9","",NA,"0","1.4615","","","50","TRUE","FALSE","Good"
"Human_Health","Water_Supply","Manganese","ug/l","Dissolved","52","1","USGS-CO","0","11.55","26.1","",NA,"7.63","18.84","","","50","FALSE","FALSE","Good"
"Human_Health","Water_Supply","Mercury","ug/l","Total","15","14","","0","0","0.129","",NA,"0","0","","","2","FALSE","FALSE","Good"
"Human_Health","Water_Supply","Molybdenum","ug/l","Total","29","26","","0","0","4.4","",NA,"0","0","","","210","FALSE","FALSE","Good"
"Human_Health","Water_Supply","Nickel","ug/l","Total","16","15","","0","0","1.9","","2022-05-04","0","0","","","100","FALSE","FALSE","Good"
"Human_Health","Water_Supply","Nitrate_N","mg/l as N","Dissolved","33","6","USGS-CO","0","0.122","1.03","","2022-01-27","0","0.5034","","","10","FALSE","FALSE","Good"
"Human_Health","Water_Supply","Nitrite_N","mg/l as N","Dissolved","36","13","USGS-CO","0","0.003","0.023","","2019-12-19","0","0.007","","","1","FALSE","FALSE","Good"
"Human_Health","Water_Supply","Selenium","ug/l","Total","1","0","USGS-CO","0.6","0.6","0.6","","2022-05-04","0.6","0.6","","","50","FALSE","FALSE","Good"
"Human_Health","Water_Supply","Silver","ug/l","Total","1","1","","","","","","","","","","","100","","","Poor Resolution"
"Human_Health","Water_Supply","Sulfate","mg/l","Dissolved","30","0","USGS-CO","20.9","193.5","268","","2019-12-19","51.385","218.3","","","250","TRUE","FALSE","Concern"
"Human_Health","Water_Supply","Sulfide_H2S","mg/l","Dissolved","0","","","","","","","","","","","","0.05","","","Data Gap"
"Human_Health","Water_Supply","Thallium","ug/l","Total","0","","","","","","","","","","","","0.5","","","Data Gap"
"Human_Health","Water_Supply","Uranium","ug/l","Total","0","","","","","","","","","","","","16.8","","","Data Gap"
"Human_Health","Water_Supply","Zinc","ug/l","Total","1","0","","34","34","34","","2022-05-04","34","34","","","5000","FALSE","FALSE","Good"
"Human_Health","Water_Supply","pH","Std. Units","","32","0","NARS_WQX,21COL001_WQX","7.65","8.48","9.16","","2021-08-17","8.133","8.896","","","5.0,9.0","TRUE","FALSE","Good"
"Human_Health","Fish_Ingestion","Antimony","ug/l","Total","0","","","","","","","","","","","","640","","","Data Gap"
"Human_Health","Fish_Ingestion","Arsenic","ug/l","Total","30","13","USGS-CO","0","0.2675","4.38","",NA,"0","0.73545","","","7.6","FALSE","FALSE","Good"
"Human_Health","Fish_Ingestion","Nickel","ug/l","Total","16","15","","0","0","1.9","","2022-05-04","0","0","","","4600","FALSE","FALSE","Good"
"Human_Health","Fish_Ingestion","Selenium","ug/l","Total","1","0","USGS-CO","0.6","0.6","0.6","","2022-05-04","0.6","0.6","","","4200","FALSE","FALSE","Good"
"Human_Health","Fish_Ingestion","Thallium","ug/l","Total","0","","","","","","","","","","","","0.47","","","Data Gap"
"Human_Health","Fish_Ingestion","Zinc","ug/l","Total","1","0","","34","34","34","","2022-05-04","34","34","","","26000","FALSE","FALSE","Good"
"Human_Health","Fish_Water","Antimony","ug/l","Total","0","","","","","","","","","","","","5.6","","","Data Gap"
"Human_Health","Fish_Water","Arsenic","ug/l","Total","30","13","USGS-CO","0","0.2675","4.38","",NA,"0","0.73545","","","0.02","TRUE","TRUE","Poor"
"Human_Health","Fish_Water","Chromium_VI","ug/l","Total","0","","","","","","","","","","","","100","","","Data Gap"
"Human_Health","Fish_Water","Copper","ug/l","Total","1","0","","3.5","3.5","3.5","","2022-05-04","3.5","3.5","","","1300","FALSE","FALSE","Good"
"Human_Health","Fish_Water","Nickel","ug/l","Total","16","15","","0","0","1.9","","2022-05-04","0","0","","","610","FALSE","FALSE","Good"
"Human_Health","Fish_Water","Selenium","ug/l","Total","1","0","USGS-CO","0.6","0.6","0.6","","2022-05-04","0.6","0.6","","","170","FALSE","FALSE","Good"
"Human_Health","Fish_Water","Thallium","ug/l","Total","0","","","","","","","","","","","","0.24","","","Data Gap"
"Human_Health","Fish_Water","Zinc","ug/l","Total","1","0","","34","34","34","","2022-05-04","34","34","","","7400","FALSE","FALSE","Good"
"Agriculture","Water_Supply","Arsenic","ug/l","Total","30","13","USGS-CO","0","0.2675","4.38","",NA,"0","0.73545","","","100","FALSE","FALSE","Good"
"Agriculture","Water_Supply","Beryllium","ug/l","Total","0","","","","","","","","","","","","100","","","Data Gap"
"Agriculture","Water_Supply","Boron","mg/l","Dissolved","0","","","","","","","","","","","","0.75","","","Data Gap"
"Agriculture","Water_Supply","Cadmium","ug/l","Total","16","15","USGS-CO","0","0","0.16","","2022-05-04","0","0","","","10","FALSE","FALSE","Good"
"Agriculture","Water_Supply","Chromium_III","ug/l","Total","0","","","","","","","","","","","","100","","","Data Gap"
"Agriculture","Water_Supply","Chromium_VI","ug/l","Total","0","","","","","","","","","","","","100","","","Data Gap"
"Agriculture","Water_Supply","Copper","ug/l","Total","1","0","","3.5","3.5","3.5","","2022-05-04","3.5","3.5","","","200","FALSE","FALSE","Good"
"Agriculture","Water_Supply","Cyanide","mg/l","Dissolved","0","","","","","","","","","","","","0.2","","","Data Gap"
"Agriculture","Water_Supply","Lead","ug/l","Total","16","12","","0","0","51.9","",NA,"0","1.4615","","","100","FALSE","FALSE","Good"
"Agriculture","Water_Supply","Manganese","ug/l","Total","23","0","","12.4","22.7","182","","2022-04-21","15.09","62.95","","","200","FALSE","FALSE","Good"
"Agriculture","Water_Supply","Molybdenum","ug/l","Total","29","26","","0","0","4.4","",NA,"0","0","","","300","FALSE","FALSE","Good"
"Agriculture","Water_Supply","Nickel","ug/l","Total","16","15","","0","0","1.9","","2022-05-04","0","0","","","200","FALSE","FALSE","Good"
"Agriculture","Water_Supply","Nitrate_N","mg/l as N","Dissolved","33","6","USGS-CO","0","0.122","1.03","","2022-01-27","0","0.5034","","","100","FALSE","FALSE","Good"
"Agriculture","Water_Supply","Nitrite_N","mg/l as N","Dissolved","36","13","USGS-CO","0","0.003","0.023","","2019-12-19","0","0.007","","","10","FALSE","FALSE","Good"
"Agriculture","Water_Supply","Selenium","ug/l","Total","1","0","USGS-CO","0.6","0.6","0.6","","2022-05-04","0.6","0.6","","","20","FALSE","FALSE","Good"
"Agriculture","Water_Supply","Zinc","ug/l","Total","1","0","","34","34","34","","2022-05-04","34","34","","","2000","FALSE","FALSE","Good"
