UseClass,Category,Indicator,Units,valueType,n,Censored,Organization,Minimum,Median,Maximum,Severity,DateOfMax,Percentile_15th,Percentile_85th,Kendal_Slope,Kendal_pValue,standard,StandardsExceeded,Impaired,Assessment
Aquatic_Life,Physical,Dissolved_Oxygen,mg/l,Dissolved,30,0,USGS-CO,8,10.1,10.9,,12/17/2019,8.6,10.7,,,7,FALSE,FALSE,Good
Aquatic_Life,Physical,Specific_Conductance,umho/cm,,0,,,,,,,,,,,,500,,,Data Gap
Aquatic_Life,Physical,pH,Std. Units,,6,0,NARS_WQX,7.39,7.485,7.62,,9/10/2019,7.435,7.5975,,,"6.5,9.0",FALSE,FALSE,Good
Aquatic_Life,Nutrients,Chlorophyll_a,mg/m^2,,0,,,,,,,,,,,,150,,,Data Gap
Aquatic_Life,Nutrients,Total_Nitrogen,ug/l,Total,29,17,USGS-CO,0,0,280,,12/6/2021,0,200,,,1250,FALSE,FALSE,Good
Aquatic_Life,Nutrients,Total_Phosphorous,ug/l,Total,33,26,USGS-CO,0,0,7.706,,NA,0,5.3512,,,110,FALSE,FALSE,Good
Aquatic_Life,Inorganics,Ammonia,mg/l as N,Total,0,,,,,,,,,,,,"((0.0577/(1+10^7.688-pH))+(2.487/(1+10^(pH-7.688)))*min(2.85, 1.45*10^(0.028*(25-temp))))",,,Data Gap
Aquatic_Life,Inorganics,Chlorine,mg/l,Total Residual,0,,,,,,,,,,,,0.011,,,Data Gap
Aquatic_Life,Inorganics,Cyanide,mg/l,Free Available,0,,,,,,,,,,,,0.005,,,Data Gap
Aquatic_Life,Inorganics,Nitrite_N,mg/l as N,Dissolved,58,58,USGS-CO,,,,,,,,,,0.05,,,Poor Resolution
Aquatic_Life,Inorganics,Sulfide_H2S,mg/l,,0,,,,,,,,,,,,0.002,,,Data Gap
Aquatic_Life,Metals,Aluminum,ug/l,Total,0,,,,,,,,,,,,"ifelse(pH >= 7.0, exp(1.3695*(log(hardness))-0.1158), min(87, exp(1.3695*(log(hardness))-0.1158)))",,,Data Gap
Aquatic_Life,Metals,Arsenic,ug/l,Total,23,23,USGS-CO,,,,,,,,,,150,,,Poor Resolution
Aquatic_Life,Metals,Cadmium,ug/l,Dissolved,33,33,USGS-CO,,,,,,,,,,1.101672-(log(hardness)*(0.041838))*exp(0.7977*(log(hardness))-3.909),,,Poor Resolution
Aquatic_Life,Metals,Chromium_III,ug/l,Dissolved,0,,,,,,,,,,,,exp(0.819*(log(hardness))+0.5340),,,Data Gap
Aquatic_Life,Metals,Chromium_VI,ug/l,Dissolved,0,,,,,,,,,,,,11,,,Data Gap
Aquatic_Life,Metals,Copper,ug/l,Dissolved,33,9,USGS-CO,0,0.6,1.3,,4/13/2020,0,0.846,,,exp(0.8545*(log(hardness))-1.7428),FALSE,FALSE,Good
Aquatic_Life,Metals,Iron,ug/l,Total,33,11,,0,8.1,51.4,,5/17/2022,0,31.74,,,1000,FALSE,FALSE,Good
Aquatic_Life,Metals,Lead,ug/l,Dissolved,30,24,USGS-CO,0,0,0.037,,4/13/2020,0,0.02165,,,(1.46203-(log(hardness)*0.145712))*exp(1.273*(log(hardness))-4.705),FALSE,FALSE,Good
Aquatic_Life,Metals,Manganese,ug/l,Dissolved,34,17,USGS-CO,0,0.215,2,,NA,0,1.28,,,exp(0.3331*(log(hardness))+5.8743),FALSE,FALSE,Good
Aquatic_Life,Metals,Mercury,ug/l,Total,0,,,,,,,,,,,,0.01,,,Data Gap
Aquatic_Life,Metals,Nickel,ug/l,Dissolved,0,,,,,,,,,,,,exp(0.846*(log(hardness))+0.0554),,,Data Gap
Aquatic_Life,Metals,Selenium,ug/l,Dissolved,30,24,USGS-CO,0,0,0.07,,5/17/2022,0,0.06,,,4.6,FALSE,FALSE,Good
Aquatic_Life,Metals,Silver,ug/l,Dissolved,30,30,USGS-CO,,,,,,,,,,exp(1.72*(log(hardness))-10.51),,,Poor Resolution
Aquatic_Life,Metals,Thallium,ug/l,Dissolved,0,,,,,,,,,,,,15,,,Data Gap
Aquatic_Life,Metals,Uranium,ug/l,Dissolved,0,,,,,,,,,,,,exp(1.1021*(log(hardness))+2.2382),,,Data Gap
Aquatic_Life,Metals,Zinc,ug/l,Dissolved,33,30,USGS-CO,0,0,12.1,,11/14/2018,0,0,,,"ifelse(hardness < 102, 0.986*exp(0.9094*(log(hardness))+0.6235), exp(2.140*(log(hardness))-5.084))",FALSE,FALSE,Good
Recreation,Contact,Dissolved_Oxygen,mg/l,Dissolved,30,0,USGS-CO,8,10.1,10.9,,12/17/2019,8.6,10.7,,,3,FALSE,FALSE,Good
Recreation,Contact,E_coli,cfu/100ml,,29,20,USGS-CO,0,0,10,,11/14/2022,0,2,,,126,FALSE,FALSE,Good
Recreation,Contact,pH,Std. Units,,6,0,NARS_WQX,7.39,7.485,7.62,,9/10/2019,7.435,7.5975,,,"6.5,9.0",FALSE,FALSE,Good
Human_Health,Water_Supply,Antimony,ug/l,Total,0,,,,,,,,,,,,6,,,Data Gap
Human_Health,Water_Supply,Arsenic,ug/l,Total,23,23,USGS-CO,,,,,,,,,,10,,,Poor Resolution
Human_Health,Water_Supply,Asbestos,fibers/L,,0,,,,,,,,,,,,"7,000,000",,,Data Gap
Human_Health,Water_Supply,Barium,ug/l,Total,0,,,,,,,,,,,,490,,,Data Gap
Human_Health,Water_Supply,Beryllium,ug/l,Total,0,,,,,,,,,,,,4,,,Data Gap
Human_Health,Water_Supply,Cadmium,ug/l,Total,0,,,,,,,,,,,,5,,,Data Gap
Human_Health,Water_Supply,Chloride,mg/l,Dissolved,31,0,USGS-CO,0.09,0.36,3.73,,3/27/2019,0.13,1,,,250,FALSE,FALSE,Good
Human_Health,Water_Supply,Chromium_III,ug/l,Total,0,,,,,,,,,,,,50,,,Data Gap
Human_Health,Water_Supply,Chromium_VI,ug/l,Total,0,,,,,,,,,,,,50,,,Data Gap
Human_Health,Water_Supply,Copper,ug/l,Total,0,,,,,,,,,,,,1000,,,Data Gap
Human_Health,Water_Supply,Cyanide,mg/l,Free Available,0,,,,,,,,,,,,0.2,,,Data Gap
Human_Health,Water_Supply,Dissolved_Oxygen,mg/l,Dissolved,30,0,USGS-CO,8,10.1,10.9,,12/17/2019,8.6,10.7,,,3,FALSE,FALSE,Good
Human_Health,Water_Supply,E_coli,cfu/100ml,,29,20,USGS-CO,0,0,10,,11/14/2022,0,2,,,630,FALSE,FALSE,Good
Human_Health,Water_Supply,Fluoride,mg/l,Dissolved,31,0,USGS-CO,0.08,0.13,0.15,,3/16/2021,0.105,0.135,,,2,FALSE,FALSE,Good
Human_Health,Water_Supply,Iron,ug/l,Dissolved,1,1,USGS-CO,,,,,,,,,,300,,,Poor Resolution
Human_Health,Water_Supply,Lead,ug/l,Total,0,,,,,,,,,,,,50,,,Data Gap
Human_Health,Water_Supply,Manganese,ug/l,Dissolved,34,17,USGS-CO,0,0.215,2,,NA,0,1.28,,,50,FALSE,FALSE,Good
Human_Health,Water_Supply,Mercury,ug/l,Total,0,,,,,,,,,,,,2,,,Data Gap
Human_Health,Water_Supply,Molybdenum,ug/l,Total,0,,,,,,,,,,,,210,,,Data Gap
Human_Health,Water_Supply,Nickel,ug/l,Total,0,,,,,,,,,,,,100,,,Data Gap
Human_Health,Water_Supply,Nitrate_N,mg/l as N,Dissolved,30,0,USGS-CO,0.026,0.1,0.232,,2/19/2020,0.05905,0.21165,,,10,FALSE,FALSE,Good
Human_Health,Water_Supply,Nitrite_N,mg/l as N,Dissolved,58,58,USGS-CO,,,,,,,,,,1,,,Poor Resolution
Human_Health,Water_Supply,Selenium,ug/l,Total,0,,,,,,,,,,,,50,,,Data Gap
Human_Health,Water_Supply,Silver,ug/l,Total,0,,,,,,,,,,,,100,,,Data Gap
Human_Health,Water_Supply,Sulfate,mg/l,Dissolved,31,0,USGS-CO,1.43,4.27,5.34,,9/13/2021,1.655,4.875,,,250,FALSE,FALSE,Good
Human_Health,Water_Supply,Sulfide_H2S,mg/l,Dissolved,0,,,,,,,,,,,,0.05,,,Data Gap
Human_Health,Water_Supply,Thallium,ug/l,Total,0,,,,,,,,,,,,0.5,,,Data Gap
Human_Health,Water_Supply,Uranium,ug/l,Total,0,,,,,,,,,,,,16.8,,,Data Gap
Human_Health,Water_Supply,Zinc,ug/l,Total,0,,,,,,,,,,,,5000,,,Data Gap
Human_Health,Water_Supply,pH,Std. Units,,6,0,NARS_WQX,7.39,7.485,7.62,,9/10/2019,7.435,7.5975,,,"5.0,9.0",FALSE,FALSE,Good
Human_Health,Fish_Ingestion,Antimony,ug/l,Total,0,,,,,,,,,,,,640,,,Data Gap
Human_Health,Fish_Ingestion,Arsenic,ug/l,Total,23,23,USGS-CO,,,,,,,,,,7.6,,,Poor Resolution
Human_Health,Fish_Ingestion,Nickel,ug/l,Total,0,,,,,,,,,,,,4600,,,Data Gap
Human_Health,Fish_Ingestion,Selenium,ug/l,Total,0,,,,,,,,,,,,4200,,,Data Gap
Human_Health,Fish_Ingestion,Thallium,ug/l,Total,0,,,,,,,,,,,,0.47,,,Data Gap
Human_Health,Fish_Ingestion,Zinc,ug/l,Total,0,,,,,,,,,,,,26000,,,Data Gap
Human_Health,Fish_Water,Antimony,ug/l,Total,0,,,,,,,,,,,,5.6,,,Data Gap
Human_Health,Fish_Water,Arsenic,ug/l,Total,23,23,USGS-CO,,,,,,,,,,0.02,,,Poor Resolution
Human_Health,Fish_Water,Chromium_VI,ug/l,Total,0,,,,,,,,,,,,100,,,Data Gap
Human_Health,Fish_Water,Copper,ug/l,Total,0,,,,,,,,,,,,1300,,,Data Gap
Human_Health,Fish_Water,Nickel,ug/l,Total,0,,,,,,,,,,,,610,,,Data Gap
Human_Health,Fish_Water,Selenium,ug/l,Total,0,,,,,,,,,,,,170,,,Data Gap
Human_Health,Fish_Water,Thallium,ug/l,Total,0,,,,,,,,,,,,0.24,,,Data Gap
Human_Health,Fish_Water,Zinc,ug/l,Total,0,,,,,,,,,,,,7400,,,Data Gap
Agriculture,Water_Supply,Arsenic,ug/l,Total,23,23,USGS-CO,,,,,,,,,,100,,,Poor Resolution
Agriculture,Water_Supply,Beryllium,ug/l,Total,0,,,,,,,,,,,,100,,,Data Gap
Agriculture,Water_Supply,Boron,mg/l,Dissolved,0,,,,,,,,,,,,0.75,,,Data Gap
Agriculture,Water_Supply,Cadmium,ug/l,Total,0,,,,,,,,,,,,10,,,Data Gap
Agriculture,Water_Supply,Chromium_III,ug/l,Total,0,,,,,,,,,,,,100,,,Data Gap
Agriculture,Water_Supply,Chromium_VI,ug/l,Total,0,,,,,,,,,,,,100,,,Data Gap
Agriculture,Water_Supply,Copper,ug/l,Total,0,,,,,,,,,,,,200,,,Data Gap
Agriculture,Water_Supply,Cyanide,mg/l,Dissolved,0,,,,,,,,,,,,0.2,,,Data Gap
Agriculture,Water_Supply,Lead,ug/l,Total,0,,,,,,,,,,,,100,,,Data Gap
Agriculture,Water_Supply,Manganese,ug/l,Total,30,2,,0,0.75,3.8,,3/16/2021,0.3,1.7,,,200,FALSE,FALSE,Good
Agriculture,Water_Supply,Molybdenum,ug/l,Total,0,,,,,,,,,,,,300,,,Data Gap
Agriculture,Water_Supply,Nickel,ug/l,Total,0,,,,,,,,,,,,200,,,Data Gap
Agriculture,Water_Supply,Nitrate_N,mg/l as N,Dissolved,30,0,USGS-CO,0.026,0.1,0.232,,2/19/2020,0.05905,0.21165,,,100,FALSE,FALSE,Good
Agriculture,Water_Supply,Nitrite_N,mg/l as N,Dissolved,58,58,USGS-CO,,,,,,,,,,10,,,Poor Resolution
Agriculture,Water_Supply,Selenium,ug/l,Total,0,,,,,,,,,,,,20,,,Data Gap
Agriculture,Water_Supply,Zinc,ug/l,Total,0,,,,,,,,,,,,2000,,,Data Gap
