"UseClass","Category","Indicator","Units","valueType","n","Censored","Organization","Minimum","Median","Maximum","Severity","DateOfMax","Percentile_15th","Percentile_85th","Kendal_Slope","Kendal_pValue","standard","StandardsExceeded","Impaired","Assessment"
"Aquatic_Life","Physical","Dissolved_Oxygen","mg/l","Dissolved","30","0","USGS-CO","8.1","9.9","12","","2020-02-20","8.7","11.2","","","7","FALSE","FALSE","Good"
"Aquatic_Life","Physical","Specific_Conductance","umho/cm","","0","","","","","","","","","","","","500","","","Data Gap"
"Aquatic_Life","Physical","pH","Std. Units","","149","0","ARR,ERWC,CORIVWCH_WQX","6.38","8.09","9.14","","2019-05-16","7.284","8.3","","","6.5,9.0","FALSE","FALSE","Good"
"Aquatic_Life","Nutrients","Chlorophyll_a","mg/m^2","","0","","","","","","","","","","","","150","","","Data Gap"
"Aquatic_Life","Nutrients","Total_Nitrogen","ug/l","Total","29","2","USGS-CO","0","200","340","","2019-05-14","150","240","","","1250","FALSE","FALSE","Good"
"Aquatic_Life","Nutrients","Total_Phosphorous","ug/l","Total","106","6","USGS-CO,ARR,ERWC,CORIVWCH_WQX","0","19","355","","2019-05-16","9","42.5","","","110","FALSE","FALSE","Good"
"Aquatic_Life","Inorganics","Ammonia","mg/l as N","Total","0","","","","","","","","","","","","((0.0577/(1+10^7.688-pH))+(2.487/(1+10^(pH-7.688)))*min(2.85, 1.45*10^(0.028*(25-temp))))","","","Data Gap"
"Aquatic_Life","Inorganics","Chlorine","mg/l","Total Residual","0","","","","","","","","","","","","0.011","","","Data Gap"
"Aquatic_Life","Inorganics","Cyanide","mg/l","Free Available","0","","","","","","","","","","","","0.005","","","Data Gap"
"Aquatic_Life","Inorganics","Nitrite_N","mg/l as N","Dissolved","50","49","USGS-CO","0","0","0.005","","2019-07-08","0","0","","","0.05","FALSE","FALSE","Good"
"Aquatic_Life","Inorganics","Sulfide_H2S","mg/l","","0","","","","","","","","","","","","0.002","","","Data Gap"
"Aquatic_Life","Metals","Aluminum","ug/l","Total","77","63","","0","0","1009","",NA,"0","22","","","ifelse(pH >= 7.0, exp(1.3695*(log(hardness))-0.1158), min(87, exp(1.3695*(log(hardness))-0.1158)))","FALSE","FALSE","Good"
"Aquatic_Life","Metals","Arsenic","ug/l","Total","77","76","","0","0","311","",NA,"0","0","","","150","FALSE","FALSE","Good"
"Aquatic_Life","Metals","Cadmium","ug/l","Dissolved","107","107","USGS-CO","","","","","","","","","","1.101672-(log(hardness)*(0.041838))*exp(0.7977*(log(hardness))-3.909)","","","Poor Resolution"
"Aquatic_Life","Metals","Chromium_III","ug/l","Dissolved","0","","","","","","","","","","","","exp(0.819*(log(hardness))+0.5340)","","","Data Gap"
"Aquatic_Life","Metals","Chromium_VI","ug/l","Dissolved","0","","","","","","","","","","","","11","","","Data Gap"
"Aquatic_Life","Metals","Copper","ug/l","Dissolved","107","90","USGS-CO","0","0","0.87","","2021-03-15","0","0.415","","","exp(0.8545*(log(hardness))-1.7428)","FALSE","FALSE","Good"
"Aquatic_Life","Metals","Iron","ug/l","Total","107","47","","0","36.6","974","",NA,"0","91.13","","","1000","FALSE","FALSE","Good"
"Aquatic_Life","Metals","Lead","ug/l","Dissolved","107","106","USGS-CO","0","0","0.021","","2022-05-18","0","0","","","(1.46203-(log(hardness)*0.145712))*exp(1.273*(log(hardness))-4.705)","FALSE","FALSE","Good"
"Aquatic_Life","Metals","Manganese","ug/l","Dissolved","107","32","USGS-CO","0","7.23","33.4","",NA,"0","13.93","","","exp(0.3331*(log(hardness))+5.8743)","FALSE","FALSE","Good"
"Aquatic_Life","Metals","Mercury","ug/l","Total","0","","","","","","","","","","","","0.01","","","Data Gap"
"Aquatic_Life","Metals","Nickel","ug/l","Dissolved","0","","","","","","","","","","","","exp(0.846*(log(hardness))+0.0554)","","","Data Gap"
"Aquatic_Life","Metals","Selenium","ug/l","Dissolved","107","77","USGS-CO","0","0","1","","2019-12-18","0","0.661","","","4.6","FALSE","FALSE","Good"
"Aquatic_Life","Metals","Silver","ug/l","Dissolved","30","30","USGS-CO","","","","","","","","","","exp(1.72*(log(hardness))-10.51)","","","Poor Resolution"
"Aquatic_Life","Metals","Thallium","ug/l","Dissolved","0","","","","","","","","","","","","15","","","Data Gap"
"Aquatic_Life","Metals","Uranium","ug/l","Dissolved","0","","","","","","","","","","","","exp(1.1021*(log(hardness))+2.2382)","","","Data Gap"
"Aquatic_Life","Metals","Zinc","ug/l","Dissolved","107","91","USGS-CO","0","0","55.6","",NA,"0","0.439999999999975","","","0.986*exp(0.9094*(log(hardness))+0.6235)","FALSE","FALSE","Good"
"Recreation","Contact","Dissolved_Oxygen","mg/l","Dissolved","30","0","USGS-CO","8.1","9.9","12","","2020-02-20","8.7","11.2","","","3","FALSE","FALSE","Good"
"Recreation","Contact","E_coli","cfu/100ml","","29","6","USGS-CO","0","8","76","","2021-07-13","0","33.6","","","126","FALSE","FALSE","Good"
"Recreation","Contact","pH","Std. Units","","149","0","ARR,ERWC,CORIVWCH_WQX","6.38","8.09","9.14","","2019-05-16","7.284","8.3","","","6.5,9.0","FALSE","FALSE","Good"
"Human_Health","Water_Supply","Antimony","ug/l","Total","0","","","","","","","","","","","","6","","","Data Gap"
"Human_Health","Water_Supply","Arsenic","ug/l","Total","77","76","","0","0","311","",NA,"0","0","","","10","TRUE","FALSE","Good"
"Human_Health","Water_Supply","Asbestos","fibers/L","","0","","","","","","","","","","","","7,000,000","","","Data Gap"
"Human_Health","Water_Supply","Barium","ug/l","Total","0","","","","","","","","","","","","490","","","Data Gap"
"Human_Health","Water_Supply","Beryllium","ug/l","Total","0","","","","","","","","","","","","4","","","Data Gap"
"Human_Health","Water_Supply","Cadmium","ug/l","Total","77","76","","0","0","96.02","",NA,"0","0","","","5","TRUE","FALSE","Good"
"Human_Health","Water_Supply","Chloride","mg/l","Dissolved","30","0","USGS-CO","9.02","52.45","69.6","","2018-04-19","33.3","59.54","","","250","FALSE","FALSE","Good"
"Human_Health","Water_Supply","Chromium_III","ug/l","Total","0","","","","","","","","","","","","50","","","Data Gap"
"Human_Health","Water_Supply","Chromium_VI","ug/l","Total","0","","","","","","","","","","","","50","","","Data Gap"
"Human_Health","Water_Supply","Copper","ug/l","Total","77","76","","0","0","105.2","",NA,"0","0","","","1000","FALSE","FALSE","Good"
"Human_Health","Water_Supply","Cyanide","mg/l","Free Available","0","","","","","","","","","","","","0.2","","","Data Gap"
"Human_Health","Water_Supply","Dissolved_Oxygen","mg/l","Dissolved","30","0","USGS-CO","8.1","9.9","12","","2020-02-20","8.7","11.2","","","3","FALSE","FALSE","Good"
"Human_Health","Water_Supply","E_coli","cfu/100ml","","29","6","USGS-CO","0","8","76","","2021-07-13","0","33.6","","","630","FALSE","FALSE","Good"
"Human_Health","Water_Supply","Fluoride","mg/l","Dissolved","30","0","USGS-CO","0.05","0.12","0.15","","2019-12-18","0.1","0.14","","","2","FALSE","FALSE","Good"
"Human_Health","Water_Supply","Iron","ug/l","Dissolved","77","76","","0","0","30","",NA,"0","0","","","300","FALSE","FALSE","Good"
"Human_Health","Water_Supply","Lead","ug/l","Total","77","76","","0","0","95","",NA,"0","0","","","50","FALSE","FALSE","Good"
"Human_Health","Water_Supply","Manganese","ug/l","Dissolved","107","32","USGS-CO","0","7.23","33.4","",NA,"0","13.93","","","50","FALSE","FALSE","Good"
"Human_Health","Water_Supply","Mercury","ug/l","Total","0","","","","","","","","","","","","2","","","Data Gap"
"Human_Health","Water_Supply","Molybdenum","ug/l","Total","0","","","","","","","","","","","","210","","","Data Gap"
"Human_Health","Water_Supply","Nickel","ug/l","Total","0","","","","","","","","","","","","100","","","Data Gap"
"Human_Health","Water_Supply","Nitrate_N","mg/l as N","Dissolved","30","0","USGS-CO","0.011","0.0695","0.175","","2019-12-18","0.01835","0.1221","","","10","FALSE","FALSE","Good"
"Human_Health","Water_Supply","Nitrite_N","mg/l as N","Dissolved","50","49","USGS-CO","0","0","0.005","","2019-07-08","0","0","","","1","FALSE","FALSE","Good"
"Human_Health","Water_Supply","Selenium","ug/l","Total","77","76","","0","0","21.2","",NA,"0","0","","","50","FALSE","FALSE","Good"
"Human_Health","Water_Supply","Silver","ug/l","Total","0","","","","","","","","","","","","100","","","Data Gap"
"Human_Health","Water_Supply","Sulfate","mg/l","Dissolved","30","0","USGS-CO","56.6","273.5","349","","2021-12-08","163.5","320.2","","","250","TRUE","TRUE","Poor"
"Human_Health","Water_Supply","Sulfide_H2S","mg/l","Dissolved","0","","","","","","","","","","","","0.05","","","Data Gap"
"Human_Health","Water_Supply","Thallium","ug/l","Total","0","","","","","","","","","","","","0.5","","","Data Gap"
"Human_Health","Water_Supply","Uranium","ug/l","Total","0","","","","","","","","","","","","16.8","","","Data Gap"
"Human_Health","Water_Supply","Zinc","ug/l","Total","77","54","","0","0","1004.9","",NA,"0","14.44","","","5000","FALSE","FALSE","Good"
"Human_Health","Water_Supply","pH","Std. Units","","149","0","ARR,ERWC,CORIVWCH_WQX","6.38","8.09","9.14","","2019-05-16","7.284","8.3","","","5.0,9.0","FALSE","FALSE","Good"
"Human_Health","Fish_Ingestion","Antimony","ug/l","Total","0","","","","","","","","","","","","640","","","Data Gap"
"Human_Health","Fish_Ingestion","Arsenic","ug/l","Total","77","76","","0","0","311","",NA,"0","0","","","7.6","TRUE","FALSE","Good"
"Human_Health","Fish_Ingestion","Nickel","ug/l","Total","0","","","","","","","","","","","","4600","","","Data Gap"
"Human_Health","Fish_Ingestion","Selenium","ug/l","Total","77","76","","0","0","21.2","",NA,"0","0","","","4200","FALSE","FALSE","Good"
"Human_Health","Fish_Ingestion","Thallium","ug/l","Total","0","","","","","","","","","","","","0.47","","","Data Gap"
"Human_Health","Fish_Ingestion","Zinc","ug/l","Total","77","54","","0","0","1004.9","",NA,"0","14.44","","","26000","FALSE","TRUE","Poor"
"Human_Health","Fish_Water","Antimony","ug/l","Total","0","","","","","","","","","","","","5.6","","","Data Gap"
"Human_Health","Fish_Water","Arsenic","ug/l","Total","77","76","","0","0","311","",NA,"0","0","","","0.02","TRUE","FALSE","Good"
"Human_Health","Fish_Water","Chromium_VI","ug/l","Total","0","","","","","","","","","","","","100","","","Data Gap"
"Human_Health","Fish_Water","Copper","ug/l","Total","77","76","","0","0","105.2","",NA,"0","0","","","1300","FALSE","FALSE","Good"
"Human_Health","Fish_Water","Nickel","ug/l","Total","0","","","","","","","","","","","","610","","","Data Gap"
"Human_Health","Fish_Water","Selenium","ug/l","Total","77","76","","0","0","21.2","",NA,"0","0","","","170","FALSE","FALSE","Good"
"Human_Health","Fish_Water","Thallium","ug/l","Total","0","","","","","","","","","","","","0.24","","","Data Gap"
"Human_Health","Fish_Water","Zinc","ug/l","Total","77","54","","0","0","1004.9","",NA,"0","14.44","","","7400","FALSE","FALSE","Good"
"Agriculture","Water_Supply","Arsenic","ug/l","Total","77","76","","0","0","311","",NA,"0","0","","","100","FALSE","FALSE","Good"
"Agriculture","Water_Supply","Beryllium","ug/l","Total","0","","","","","","","","","","","","100","","","Data Gap"
"Agriculture","Water_Supply","Boron","mg/l","Dissolved","0","","","","","","","","","","","","0.75","","","Data Gap"
"Agriculture","Water_Supply","Cadmium","ug/l","Total","77","76","","0","0","96.02","",NA,"0","0","","","10","TRUE","FALSE","Good"
"Agriculture","Water_Supply","Chromium_III","ug/l","Total","0","","","","","","","","","","","","100","","","Data Gap"
"Agriculture","Water_Supply","Chromium_VI","ug/l","Total","0","","","","","","","","","","","","100","","","Data Gap"
"Agriculture","Water_Supply","Copper","ug/l","Total","77","76","","0","0","105.2","",NA,"0","0","","","200","FALSE","FALSE","Good"
"Agriculture","Water_Supply","Cyanide","mg/l","Dissolved","0","","","","","","","","","","","","0.2","","","Data Gap"
"Agriculture","Water_Supply","Lead","ug/l","Total","77","76","","0","0","95","",NA,"0","0","","","100","FALSE","FALSE","Good"
"Agriculture","Water_Supply","Manganese","ug/l","Total","107","16","","0","14.5","1032.7","",NA,"2.52","25.6","","","200","FALSE","FALSE","Good"
"Agriculture","Water_Supply","Molybdenum","ug/l","Total","0","","","","","","","","","","","","300","","","Data Gap"
"Agriculture","Water_Supply","Nickel","ug/l","Total","0","","","","","","","","","","","","200","","","Data Gap"
"Agriculture","Water_Supply","Nitrate_N","mg/l as N","Dissolved","30","0","USGS-CO","0.011","0.0695","0.175","","2019-12-18","0.01835","0.1221","","","100","FALSE","FALSE","Good"
"Agriculture","Water_Supply","Nitrite_N","mg/l as N","Dissolved","50","49","USGS-CO","0","0","0.005","","2019-07-08","0","0","","","10","FALSE","FALSE","Good"
"Agriculture","Water_Supply","Selenium","ug/l","Total","77","76","","0","0","21.2","",NA,"0","0","","","20","FALSE","FALSE","Good"
"Agriculture","Water_Supply","Zinc","ug/l","Total","77","54","","0","0","1004.9","",NA,"0","14.44","","","2000","FALSE","FALSE","Good"
