"UseClass","Category","Indicator","Units","valueType","n","Censored","Organization","Minimum","Median","Maximum","Severity","DateOfMax","Percentile_15th","Percentile_85th","Kendal_Slope","Kendal_pValue","standard","StandardsExceeded","Impaired","Assessment"
"Aquatic_Life","Physical","Dissolved_Oxygen","mg/l","Dissolved","0","","","","","","","","","","","","7","","","Data Gap"
"Aquatic_Life","Physical","Specific_Conductance","umho/cm","","6","0","CBS","108","165","188","","2018-09-14","114.75","179.75","","","500","FALSE","FALSE","Good"
"Aquatic_Life","Physical","pH","Std. Units","","7","1","CBS,21COL001_WQX","0","7.93","8.4","","2018-09-14","6.93","8.274","","","6.5,9.0","FALSE","FALSE","Good"
"Aquatic_Life","Nutrients","Chlorophyll_a","mg/m^2","","0","","","","","","","","","","","","150","","","Data Gap"
"Aquatic_Life","Nutrients","Total_Nitrogen","ug/l","Total","1","1","21COL001_WQX","","","","","","","","","","1250","","","Poor Resolution"
"Aquatic_Life","Nutrients","Total_Phosphorous","ug/l","Total","1","1","21COL001_WQX","","","","","","","","","","110","","","Poor Resolution"
"Aquatic_Life","Inorganics","Ammonia","mg/l as N","Total","0","","","","","","","","","","","","((0.0577/(1+10^7.688-pH))+(2.487/(1+10^(pH-7.688)))*min(2.85, 1.45*10^(0.028*(25-temp))))","","","Data Gap"
"Aquatic_Life","Inorganics","Chlorine","mg/l","Total Residual","0","","","","","","","","","","","","0.011","","","Data Gap"
"Aquatic_Life","Inorganics","Cyanide","mg/l","Free Available","0","","","","","","","","","","","","0.005","","","Data Gap"
"Aquatic_Life","Inorganics","Nitrite_N","mg/l as N","Dissolved","0","","","","","","","","","","","","0.05","","","Data Gap"
"Aquatic_Life","Inorganics","Sulfide_H2S","mg/l","","0","","","","","","","","","","","","0.002","","","Data Gap"
"Aquatic_Life","Metals","Aluminum","ug/l","Total","1","1","","","","","","","","","","","ifelse(pH >= 7.0, exp(1.3695*(log(hardness))-0.1158), min(87, exp(1.3695*(log(hardness))-0.1158)))","","","Poor Resolution"
"Aquatic_Life","Metals","Arsenic","ug/l","Total","35","9","ERWC","0","37.3","156000","","2020-03-10","0","17480","","","150","TRUE","TRUE","Poor"
"Aquatic_Life","Metals","Cadmium","ug/l","Dissolved","35","7","CBS,ERWC","0","1600","77000","","2021-03-30","0","17000","","","1.101672-(log(hardness)*(0.041838))*exp(0.7998*(log(hardness))-3.1725)","TRUE","TRUE","Poor"
"Aquatic_Life","Metals","Chromium_III","ug/l","Dissolved","0","","","","","","","","","","","","exp(0.819*(log(hardness))+0.5340)","","","Data Gap"
"Aquatic_Life","Metals","Chromium_VI","ug/l","Dissolved","0","","","","","","","","","","","","11","","","Data Gap"
"Aquatic_Life","Metals","Copper","ug/l","Dissolved","35","9","CBS,ERWC","0","4.1","188000","","2018-03-09","0","63999.9999999999","","","0.96*exp(0.5897*(log(hardness))-0.0053)","TRUE","TRUE","Poor"
"Aquatic_Life","Metals","Iron","ug/l","Total","1","0","","571","571","571","",NA,"571","571","","","1000","FALSE","FALSE","Acceptable"
"Aquatic_Life","Metals","Lead","ug/l","Dissolved","1","1","","","","","","","","","","","(1.46203-(log(hardness)*0.145712))*exp(1.273*(log(hardness))-4.705)","","","Poor Resolution"
"Aquatic_Life","Metals","Manganese","ug/l","Dissolved","2","1","CBS","0","53.5","107","",NA,"16.05","90.95","","","exp(0.3331*(log(hardness))+5.8743)","FALSE","FALSE","Good"
"Aquatic_Life","Metals","Mercury","ug/l","Total","1","1","","","","","","","","","","","0.01","","","Poor Resolution"
"Aquatic_Life","Metals","Nickel","ug/l","Dissolved","1","1","","","","","","","","","","","exp(0.846*(log(hardness))+0.0554)","","","Poor Resolution"
"Aquatic_Life","Metals","Selenium","ug/l","Dissolved","1","1","","","","","","","","","","","4.6","","","Poor Resolution"
"Aquatic_Life","Metals","Silver","ug/l","Dissolved","1","1","","","","","","","","","","","exp(1.72*(log(hardness))-10.51)","","","Poor Resolution"
"Aquatic_Life","Metals","Thallium","ug/l","Dissolved","1","1","","","","","","","","","","","15","","","Poor Resolution"
"Aquatic_Life","Metals","Uranium","ug/l","Dissolved","0","","","","","","","","","","","","exp(1.1021*(log(hardness))+2.2382)","","","Data Gap"
"Aquatic_Life","Metals","Zinc","ug/l","Dissolved","35","2","CBS,ERWC","0","172","174000","","2019-03-21","0.25","14350","","","0.986*exp(0.8537*(log(hardness))+1.9593)","TRUE","TRUE","Poor"
"Recreation","Contact","Dissolved_Oxygen","mg/l","Dissolved","0","","","","","","","","","","","","3","","","Data Gap"
"Recreation","Contact","E_coli","cfu/100ml","","0","","","","","","","","","","","","126","","","Data Gap"
"Recreation","Contact","pH","Std. Units","","7","1","CBS,21COL001_WQX","0","7.93","8.4","","2018-09-14","6.93","8.274","","","6.5,9.0","FALSE","FALSE","Good"
"Human_Health","Water_Supply","Antimony","ug/l","Total","0","","","","","","","","","","","","6","","","Data Gap"
"Human_Health","Water_Supply","Arsenic","ug/l","Total","35","9","ERWC","0","37.3","156000","","2020-03-10","0","17480","","","10","TRUE","TRUE","Poor"
"Human_Health","Water_Supply","Asbestos","fibers/L","","0","","","","","","","","","","","","7,000,000","","","Data Gap"
"Human_Health","Water_Supply","Barium","ug/l","Total","0","","","","","","","","","","","","490","","","Data Gap"
"Human_Health","Water_Supply","Beryllium","ug/l","Total","0","","","","","","","","","","","","4","","","Data Gap"
"Human_Health","Water_Supply","Cadmium","ug/l","Total","1","1","","","","","","","","","","","5","","","Poor Resolution"
"Human_Health","Water_Supply","Chloride","mg/l","Dissolved","0","","","","","","","","","","","","250","","","Data Gap"
"Human_Health","Water_Supply","Chromium_III","ug/l","Total","0","","","","","","","","","","","","50","","","Data Gap"
"Human_Health","Water_Supply","Chromium_VI","ug/l","Total","0","","","","","","","","","","","","50","","","Data Gap"
"Human_Health","Water_Supply","Copper","ug/l","Total","0","","","","","","","","","","","","1000","","","Data Gap"
"Human_Health","Water_Supply","Cyanide","mg/l","Free Available","0","","","","","","","","","","","","0.2","","","Data Gap"
"Human_Health","Water_Supply","Dissolved_Oxygen","mg/l","Dissolved","0","","","","","","","","","","","","3","","","Data Gap"
"Human_Health","Water_Supply","E_coli","cfu/100ml","","0","","","","","","","","","","","","630","","","Data Gap"
"Human_Health","Water_Supply","Fluoride","mg/l","Dissolved","0","","","","","","","","","","","","2","","","Data Gap"
"Human_Health","Water_Supply","Iron","ug/l","Dissolved","1","0","","329","329","329","",NA,"329","329","","","300","TRUE","TRUE","Poor"
"Human_Health","Water_Supply","Lead","ug/l","Total","1","1","","","","","","","","","","","50","","","Poor Resolution"
"Human_Health","Water_Supply","Manganese","ug/l","Dissolved","2","1","CBS","0","53.5","107","",NA,"16.05","90.95","","","50","TRUE","TRUE","Poor"
"Human_Health","Water_Supply","Mercury","ug/l","Total","1","1","","","","","","","","","","","2","","","Poor Resolution"
"Human_Health","Water_Supply","Molybdenum","ug/l","Total","1","1","","","","","","","","","","","210","","","Poor Resolution"
"Human_Health","Water_Supply","Nickel","ug/l","Total","1","1","","","","","","","","","","","100","","","Poor Resolution"
"Human_Health","Water_Supply","Nitrate_N","mg/l as N","Dissolved","0","","","","","","","","","","","","10","","","Data Gap"
"Human_Health","Water_Supply","Nitrite_N","mg/l as N","Dissolved","0","","","","","","","","","","","","1","","","Data Gap"
"Human_Health","Water_Supply","Selenium","ug/l","Total","0","","","","","","","","","","","","50","","","Data Gap"
"Human_Health","Water_Supply","Silver","ug/l","Total","0","","","","","","","","","","","","100","","","Data Gap"
"Human_Health","Water_Supply","Sulfate","mg/l","Dissolved","0","","","","","","","","","","","","250","","","Data Gap"
"Human_Health","Water_Supply","Sulfide_H2S","mg/l","Dissolved","0","","","","","","","","","","","","0.05","","","Data Gap"
"Human_Health","Water_Supply","Thallium","ug/l","Total","0","","","","","","","","","","","","0.5","","","Data Gap"
"Human_Health","Water_Supply","Uranium","ug/l","Total","0","","","","","","","","","","","","16.8","","","Data Gap"
"Human_Health","Water_Supply","Zinc","ug/l","Total","0","","","","","","","","","","","","5000","","","Data Gap"
"Human_Health","Water_Supply","pH","Std. Units","","7","1","CBS,21COL001_WQX","0","7.93","8.4","","2018-09-14","6.93","8.274","","","5.0,9.0","FALSE","FALSE","Good"
"Human_Health","Fish_Ingestion","Antimony","ug/l","Total","0","","","","","","","","","","","","640","","","Data Gap"
"Human_Health","Fish_Ingestion","Arsenic","ug/l","Total","35","9","ERWC","0","37.3","156000","","2020-03-10","0","17480","","","7.6","TRUE","TRUE","Poor"
"Human_Health","Fish_Ingestion","Nickel","ug/l","Total","1","1","","","","","","","","","","","4600","","","Poor Resolution"
"Human_Health","Fish_Ingestion","Selenium","ug/l","Total","0","","","","","","","","","","","","4200","","","Data Gap"
"Human_Health","Fish_Ingestion","Thallium","ug/l","Total","0","","","","","","","","","","","","0.47","","","Data Gap"
"Human_Health","Fish_Ingestion","Zinc","ug/l","Total","0","","","","","","","","","","","","26000","","","Data Gap"
"Human_Health","Fish_Water","Antimony","ug/l","Total","0","","","","","","","","","","","","5.6","","","Data Gap"
"Human_Health","Fish_Water","Arsenic","ug/l","Total","35","9","ERWC","0","37.3","156000","","2020-03-10","0","17480","","","0.02","TRUE","TRUE","Poor"
"Human_Health","Fish_Water","Chromium_VI","ug/l","Total","0","","","","","","","","","","","","100","","","Data Gap"
"Human_Health","Fish_Water","Copper","ug/l","Total","0","","","","","","","","","","","","1300","","","Data Gap"
"Human_Health","Fish_Water","Nickel","ug/l","Total","1","1","","","","","","","","","","","610","","","Poor Resolution"
"Human_Health","Fish_Water","Selenium","ug/l","Total","0","","","","","","","","","","","","170","","","Data Gap"
"Human_Health","Fish_Water","Thallium","ug/l","Total","0","","","","","","","","","","","","0.24","","","Data Gap"
"Human_Health","Fish_Water","Zinc","ug/l","Total","0","","","","","","","","","","","","7400","","","Data Gap"
"Agriculture","Water_Supply","Arsenic","ug/l","Total","35","9","ERWC","0","37.3","156000","","2020-03-10","0","17480","","","100","TRUE","TRUE","Poor"
"Agriculture","Water_Supply","Beryllium","ug/l","Total","0","","","","","","","","","","","","100","","","Data Gap"
"Agriculture","Water_Supply","Boron","mg/l","Dissolved","0","","","","","","","","","","","","0.75","","","Data Gap"
"Agriculture","Water_Supply","Cadmium","ug/l","Total","1","1","","","","","","","","","","","10","","","Poor Resolution"
"Agriculture","Water_Supply","Chromium_III","ug/l","Total","0","","","","","","","","","","","","100","","","Data Gap"
"Agriculture","Water_Supply","Chromium_VI","ug/l","Total","0","","","","","","","","","","","","100","","","Data Gap"
"Agriculture","Water_Supply","Copper","ug/l","Total","0","","","","","","","","","","","","200","","","Data Gap"
"Agriculture","Water_Supply","Cyanide","mg/l","Dissolved","0","","","","","","","","","","","","0.2","","","Data Gap"
"Agriculture","Water_Supply","Lead","ug/l","Total","1","1","","","","","","","","","","","100","","","Poor Resolution"
"Agriculture","Water_Supply","Manganese","ug/l","Total","0","","","","","","","","","","","","200","","","Data Gap"
"Agriculture","Water_Supply","Molybdenum","ug/l","Total","1","1","","","","","","","","","","","300","","","Poor Resolution"
"Agriculture","Water_Supply","Nickel","ug/l","Total","1","1","","","","","","","","","","","200","","","Poor Resolution"
"Agriculture","Water_Supply","Nitrate_N","mg/l as N","Dissolved","0","","","","","","","","","","","","100","","","Data Gap"
"Agriculture","Water_Supply","Nitrite_N","mg/l as N","Dissolved","0","","","","","","","","","","","","10","","","Data Gap"
"Agriculture","Water_Supply","Selenium","ug/l","Total","0","","","","","","","","","","","","20","","","Data Gap"
"Agriculture","Water_Supply","Zinc","ug/l","Total","0","","","","","","","","","","","","2000","","","Data Gap"
