"UseClass","Category","Indicator","Units","valueType","n","Censored","Organization","Minimum","Median","Maximum","Severity","DateOfMax","Percentile_15th","Percentile_85th","Kendal_Slope","Kendal_pValue","standard","StandardsExceeded","Impaired","Assessment"
"Aquatic_Life","Physical","Dissolved_Oxygen","mg/l","Dissolved","37","0","USGS-CO","6.2","10.8","13.6","","2018-11-15","8.94","12.56","","","7","FALSE","FALSE","Good"
"Aquatic_Life","Physical","Specific_Conductance","umho/cm","","0","","","","","","","","","","","","500","","","Data Gap"
"Aquatic_Life","Physical","pH","Std. Units","","0","","","","","","","","","","","","6.5,9.0","","","Data Gap"
"Aquatic_Life","Nutrients","Chlorophyll_a","mg/m^2","","0","","","","","","","","","","","","","","","Data Gap"
"Aquatic_Life","Nutrients","Total_Nitrogen","ug/l","Total","158","2","USGS-CO,21COL001_WQX","0","728","1980","","2021-02-02","393.5","1530","","","1250","FALSE","FALSE","Acceptable"
"Aquatic_Life","Nutrients","Total_Phosphorous","ug/l","Total","159","2","USGS-CO,21COL001_WQX","0","90.4","488","","2021-08-03","32.4","233.8","","","",NA,NA,"Data Gap"
"Aquatic_Life","Inorganics","Ammonia","mg/l as N","Total","0","","","","","","","","","","","","((0.0577/(1+10^7.688-pH))+(2.487/(1+10^(pH-7.688)))*min(2.85, 1.45*10^(0.028*(25-temp))))","","","Data Gap"
"Aquatic_Life","Inorganics","Chlorine","mg/l","Total Residual","0","","","","","","","","","","","","0.011","","","Data Gap"
"Aquatic_Life","Inorganics","Cyanide","mg/l","Free Available","0","","","","","","","","","","","","0.005","","","Data Gap"
"Aquatic_Life","Inorganics","Nitrite_N","mg/l as N","Dissolved","40","9","USGS-CO","0","0.006","0.017","","2019-12-18","0","0.01215","","","0.05","FALSE","FALSE","Good"
"Aquatic_Life","Inorganics","Sulfide_H2S","mg/l","","0","","","","","","","","","","","","0.002","","","Data Gap"
"Aquatic_Life","Metals","Aluminum","ug/l","Total","0","","","","","","","","","","","","ifelse(pH >= 7.0, exp(1.3695*(log(hardness))-0.1158), min(87, exp(1.3695*(log(hardness))-0.1158)))","","","Data Gap"
"Aquatic_Life","Metals","Arsenic","ug/l","Total","7","0","USGS-CO","0.3","0.3","0.4","","2018-09-10","0.3","0.31","","","150","FALSE","FALSE","Good"
"Aquatic_Life","Metals","Cadmium","ug/l","Dissolved","27","23","USGS-CO","0","0","0.075","","2020-04-13","0","0.00319999999999993","","","1.101672-(log(hardness)*(0.041838))*exp(0.7977*(log(hardness))-3.909)",NA,NA,NA
"Aquatic_Life","Metals","Chromium_III","ug/l","Dissolved","0","","","","","","","","","","","","exp(0.819*(log(hardness))+0.5340)","","","Data Gap"
"Aquatic_Life","Metals","Chromium_VI","ug/l","Dissolved","0","","","","","","","","","","","","11","","","Data Gap"
"Aquatic_Life","Metals","Copper","ug/l","Dissolved","27","0","USGS-CO","0.9","1.4","2.6","","2020-04-13","1","2.21","","","exp(0.8545*(log(hardness))-1.7428)",NA,NA,NA
"Aquatic_Life","Metals","Iron","ug/l","Total","27","0","","33.1","74.4","3110","","2022-04-20","37.31","414.7","","","1000","TRUE","FALSE","Good"
"Aquatic_Life","Metals","Lead","ug/l","Dissolved","27","12","USGS-CO","0","0.027","0.143","","2021-06-16","0","0.104","","","(1.46203-(log(hardness)*0.145712))*exp(1.273*(log(hardness))-4.705)",NA,NA,NA
"Aquatic_Life","Metals","Manganese","ug/l","Dissolved","27","0","USGS-CO","2.84","6.61","33.5","","2022-04-20","3.588","14.77","","","exp(0.3331*(log(hardness))+5.8743)",NA,NA,NA
"Aquatic_Life","Metals","Mercury","ug/l","Total","0","","","","","","","","","","","","0.01","","","Data Gap"
"Aquatic_Life","Metals","Nickel","ug/l","Dissolved","0","","","","","","","","","","","","exp(0.846*(log(hardness))+0.0554)","","","Data Gap"
"Aquatic_Life","Metals","Selenium","ug/l","Dissolved","27","0","USGS-CO","0.11","0.37","1.4","","2019-03-25","0.249","0.456","","","4.6","FALSE","FALSE","Good"
"Aquatic_Life","Metals","Silver","ug/l","Dissolved","27","27","USGS-CO","","","","","","","","","","exp(1.72*(log(hardness))-10.51)","","","Poor Resolution"
"Aquatic_Life","Metals","Thallium","ug/l","Dissolved","0","","","","","","","","","","","","15","","","Data Gap"
"Aquatic_Life","Metals","Uranium","ug/l","Dissolved","0","","","","","","","","","","","","exp(1.1021*(log(hardness))+2.2382)","","","Data Gap"
"Aquatic_Life","Metals","Zinc","ug/l","Dissolved","27","6","USGS-CO","0","4.7","38.3","","2020-04-13","0","14.61","","","0.986*exp(0.9094*(log(hardness))+0.6235)",NA,NA,NA
"Recreation","Contact","Dissolved_Oxygen","mg/l","Dissolved","37","0","USGS-CO","6.2","10.8","13.6","","2018-11-15","8.94","12.56","","","3","FALSE","FALSE","Good"
"Recreation","Contact","E_coli","cfu/100ml","","29","7","USGS-CO","0","2","66","","2022-08-11","0","24","","","126","FALSE","FALSE","Good"
"Recreation","Contact","pH","Std. Units","","0","","","","","","","","","","","","6.5,9.0","","","Data Gap"
"Human_Health","Water_Supply","Antimony","ug/l","Total","0","","","","","","","","","","","","6","","","Data Gap"
"Human_Health","Water_Supply","Arsenic","ug/l","Total","7","0","USGS-CO","0.3","0.3","0.4","","2018-09-10","0.3","0.31","","","10","FALSE","FALSE","Good"
"Human_Health","Water_Supply","Asbestos","fibers/L","","0","","","","","","","","","","","","7,000,000","","","Data Gap"
"Human_Health","Water_Supply","Barium","ug/l","Total","0","","","","","","","","","","","","490","","","Data Gap"
"Human_Health","Water_Supply","Beryllium","ug/l","Total","0","","","","","","","","","","","","4","","","Data Gap"
"Human_Health","Water_Supply","Cadmium","ug/l","Total","0","","","","","","","","","","","","5","","","Data Gap"
"Human_Health","Water_Supply","Chloride","mg/l","Dissolved","30","0","USGS-CO","6","163.5","266","","2019-12-18","28.955","228.2","","","250","TRUE","FALSE","Concern"
"Human_Health","Water_Supply","Chromium_III","ug/l","Total","0","","","","","","","","","","","","50","","","Data Gap"
"Human_Health","Water_Supply","Chromium_VI","ug/l","Total","0","","","","","","","","","","","","50","","","Data Gap"
"Human_Health","Water_Supply","Copper","ug/l","Total","0","","","","","","","","","","","","1000","","","Data Gap"
"Human_Health","Water_Supply","Cyanide","mg/l","Free Available","0","","","","","","","","","","","","0.2","","","Data Gap"
"Human_Health","Water_Supply","Dissolved_Oxygen","mg/l","Dissolved","37","0","USGS-CO","6.2","10.8","13.6","","2018-11-15","8.94","12.56","","","3","FALSE","FALSE","Good"
"Human_Health","Water_Supply","E_coli","cfu/100ml","","29","7","USGS-CO","0","2","66","","2022-08-11","0","24","","","630","FALSE","FALSE","Good"
"Human_Health","Water_Supply","Fluoride","mg/l","Dissolved","30","0","USGS-CO","0.05","0.12","0.16","","2022-01-26","0.0735","0.14","","","2","FALSE","FALSE","Good"
"Human_Health","Water_Supply","Iron","ug/l","Dissolved","0","","","","","","","","","","","","300","","","Data Gap"
"Human_Health","Water_Supply","Lead","ug/l","Total","0","","","","","","","","","","","","50","","","Data Gap"
"Human_Health","Water_Supply","Manganese","ug/l","Dissolved","27","0","USGS-CO","2.84","6.61","33.5","","2022-04-20","3.588","14.77","","","50","FALSE","FALSE","Good"
"Human_Health","Water_Supply","Mercury","ug/l","Total","0","","","","","","","","","","","","2","","","Data Gap"
"Human_Health","Water_Supply","Molybdenum","ug/l","Total","0","","","","","","","","","","","","210","","","Data Gap"
"Human_Health","Water_Supply","Nickel","ug/l","Total","0","","","","","","","","","","","","100","","","Data Gap"
"Human_Health","Water_Supply","Nitrate_N","mg/l as N","Dissolved","37","0","USGS-CO","0.08","0.402","1.31","","2022-01-26","0.15","0.6558","","","10","FALSE","FALSE","Good"
"Human_Health","Water_Supply","Nitrite_N","mg/l as N","Dissolved","40","9","USGS-CO","0","0.006","0.017","","2019-12-18","0","0.01215","","","1","FALSE","FALSE","Good"
"Human_Health","Water_Supply","Selenium","ug/l","Total","0","","","","","","","","","","","","50","","","Data Gap"
"Human_Health","Water_Supply","Silver","ug/l","Total","0","","","","","","","","","","","","100","","","Data Gap"
"Human_Health","Water_Supply","Sulfate","mg/l","Dissolved","30","0","USGS-CO","11.5","114","179","","2019-12-18","28.71","149.25","","","250","FALSE","FALSE","Acceptable"
"Human_Health","Water_Supply","Sulfide_H2S","mg/l","Dissolved","0","","","","","","","","","","","","0.05","","","Data Gap"
"Human_Health","Water_Supply","Thallium","ug/l","Total","0","","","","","","","","","","","","0.5","","","Data Gap"
"Human_Health","Water_Supply","Uranium","ug/l","Total","0","","","","","","","","","","","","16.8","","","Data Gap"
"Human_Health","Water_Supply","Zinc","ug/l","Total","0","","","","","","","","","","","","5000","","","Data Gap"
"Human_Health","Water_Supply","pH","Std. Units","","0","","","","","","","","","","","","5.0,9.0","","","Data Gap"
"Human_Health","Fish_Ingestion","Antimony","ug/l","Total","0","","","","","","","","","","","","640","","","Data Gap"
"Human_Health","Fish_Ingestion","Arsenic","ug/l","Total","7","0","USGS-CO","0.3","0.3","0.4","","2018-09-10","0.3","0.31","","","7.6","FALSE","FALSE","Good"
"Human_Health","Fish_Ingestion","Nickel","ug/l","Total","0","","","","","","","","","","","","4600","","","Data Gap"
"Human_Health","Fish_Ingestion","Selenium","ug/l","Total","0","","","","","","","","","","","","4200","","","Data Gap"
"Human_Health","Fish_Ingestion","Thallium","ug/l","Total","0","","","","","","","","","","","","0.47","","","Data Gap"
"Human_Health","Fish_Ingestion","Zinc","ug/l","Total","0","","","","","","","","","","","","26000","","","Data Gap"
"Human_Health","Fish_Water","Antimony","ug/l","Total","0","","","","","","","","","","","","5.6","","","Data Gap"
"Human_Health","Fish_Water","Arsenic","ug/l","Total","7","0","USGS-CO","0.3","0.3","0.4","","2018-09-10","0.3","0.31","","","0.02","TRUE","FALSE","Concern"
"Human_Health","Fish_Water","Chromium_VI","ug/l","Total","0","","","","","","","","","","","","100","","","Data Gap"
"Human_Health","Fish_Water","Copper","ug/l","Total","0","","","","","","","","","","","","1300","","","Data Gap"
"Human_Health","Fish_Water","Nickel","ug/l","Total","0","","","","","","","","","","","","610","","","Data Gap"
"Human_Health","Fish_Water","Selenium","ug/l","Total","0","","","","","","","","","","","","170","","","Data Gap"
"Human_Health","Fish_Water","Thallium","ug/l","Total","0","","","","","","","","","","","","0.24","","","Data Gap"
"Human_Health","Fish_Water","Zinc","ug/l","Total","0","","","","","","","","","","","","7400","","","Data Gap"
"Agriculture","Water_Supply","Arsenic","ug/l","Total","7","0","USGS-CO","0.3","0.3","0.4","","2018-09-10","0.3","0.31","","","100","FALSE","FALSE","Good"
"Agriculture","Water_Supply","Beryllium","ug/l","Total","0","","","","","","","","","","","","100","","","Data Gap"
"Agriculture","Water_Supply","Boron","mg/l","Dissolved","0","","","","","","","","","","","","0.75","","","Data Gap"
"Agriculture","Water_Supply","Cadmium","ug/l","Total","0","","","","","","","","","","","","10","","","Data Gap"
"Agriculture","Water_Supply","Chromium_III","ug/l","Total","0","","","","","","","","","","","","100","","","Data Gap"
"Agriculture","Water_Supply","Chromium_VI","ug/l","Total","0","","","","","","","","","","","","100","","","Data Gap"
"Agriculture","Water_Supply","Copper","ug/l","Total","0","","","","","","","","","","","","200","","","Data Gap"
"Agriculture","Water_Supply","Cyanide","mg/l","Dissolved","0","","","","","","","","","","","","0.2","","","Data Gap"
"Agriculture","Water_Supply","Lead","ug/l","Total","0","","","","","","","","","","","","100","","","Data Gap"
"Agriculture","Water_Supply","Manganese","ug/l","Total","27","0","","7.7","14.8","314","","2019-03-25","9.88","46.28","","","200","TRUE","FALSE","Good"
"Agriculture","Water_Supply","Molybdenum","ug/l","Total","0","","","","","","","","","","","","300","","","Data Gap"
"Agriculture","Water_Supply","Nickel","ug/l","Total","0","","","","","","","","","","","","200","","","Data Gap"
"Agriculture","Water_Supply","Nitrate_N","mg/l as N","Dissolved","37","0","USGS-CO","0.08","0.402","1.31","","2022-01-26","0.15","0.6558","","","100","FALSE","FALSE","Good"
"Agriculture","Water_Supply","Nitrite_N","mg/l as N","Dissolved","40","9","USGS-CO","0","0.006","0.017","","2019-12-18","0","0.01215","","","10","FALSE","FALSE","Good"
"Agriculture","Water_Supply","Selenium","ug/l","Total","0","","","","","","","","","","","","20","","","Data Gap"
"Agriculture","Water_Supply","Zinc","ug/l","Total","0","","","","","","","","","","","","2000","","","Data Gap"
