"UseClass","Category","Indicator","Units","valueType","n","Censored","Organization","Minimum","Median","Maximum","Severity","DateOfMax","Percentile_15th","Percentile_85th","Kendal_Slope","Kendal_pValue","standard","StandardsExceeded","Impaired","Assessment"
"Aquatic_Life","Physical","Dissolved_Oxygen","mg/l","Dissolved","0","","","","","","","","","","","","7","","","Data Gap"
"Aquatic_Life","Physical","Specific_Conductance","umho/cm","","0","","","","","","","","","","","","500","","","Data Gap"
"Aquatic_Life","Physical","pH","Std. Units","","4","0","21COL001_WQX","8.13","8.28","8.37","","2019-06-11","8.157","8.37","","","6.5,9.0","FALSE","FALSE","Good"
"Aquatic_Life","Nutrients","Chlorophyll_a","mg/m^2","","0","","","","","","","","","","","","150","","","Data Gap"
"Aquatic_Life","Nutrients","Total_Nitrogen","ug/l","Total","4","0","21COL001_WQX","143","241","309","","2019-05-23","178.55","286.95","","","1250","FALSE","FALSE","Good"
"Aquatic_Life","Nutrients","Total_Phosphorous","ug/l","Total","4","1","21COL001_WQX","0","40.8","74","","2019-05-23","4.32","73.1","","","110","FALSE","FALSE","Acceptable"
"Aquatic_Life","Inorganics","Ammonia","mg/l as N","Total","0","","","","","","","","","","","","((0.0577/(1+10^7.688-pH))+(2.487/(1+10^(pH-7.688)))*min(2.85, 1.45*10^(0.028*(25-temp))))","","","Data Gap"
"Aquatic_Life","Inorganics","Chlorine","mg/l","Total Residual","0","","","","","","","","","","","","0.011","","","Data Gap"
"Aquatic_Life","Inorganics","Cyanide","mg/l","Free Available","0","","","","","","","","","","","","0.005","","","Data Gap"
"Aquatic_Life","Inorganics","Nitrite_N","mg/l as N","Dissolved","0","","","","","","","","","","","","0.05","","","Data Gap"
"Aquatic_Life","Inorganics","Sulfide_H2S","mg/l","","0","","","","","","","","","","","","0.002","","","Data Gap"
"Aquatic_Life","Metals","Aluminum","ug/l","Total","0","","","","","","","","","","","","ifelse(pH >= 7.0, exp(1.3695*(log(hardness))-0.1158), min(87, exp(1.3695*(log(hardness))-0.1158)))","","","Data Gap"
"Aquatic_Life","Metals","Arsenic","ug/l","Total","4","1","","0","0.4685","0.921","",NA,"0.1773","0.7509","","","150","FALSE","FALSE","Good"
"Aquatic_Life","Metals","Cadmium","ug/l","Dissolved","4","4","","","","","","","","","","","1.101672-(log(hardness)*(0.041838))*exp(0.7977*(log(hardness))-3.909)","","","Poor Resolution"
"Aquatic_Life","Metals","Chromium_III","ug/l","Dissolved","0","","","","","","","","","","","","exp(0.819*(log(hardness))+0.5340)","","","Data Gap"
"Aquatic_Life","Metals","Chromium_VI","ug/l","Dissolved","0","","","","","","","","","","","","11","","","Data Gap"
"Aquatic_Life","Metals","Copper","ug/l","Dissolved","4","4","","","","","","","","","","","exp(0.8545*(log(hardness))-1.7428)","","","Poor Resolution"
"Aquatic_Life","Metals","Iron","ug/l","Total","4","0","","30","454.9","1140","",NA,"33.96","1018.95","","","1000","TRUE","FALSE","Good"
"Aquatic_Life","Metals","Lead","ug/l","Dissolved","4","4","","","","","","","","","","","(1.46203-(log(hardness)*0.145712))*exp(1.273*(log(hardness))-4.705)","","","Poor Resolution"
"Aquatic_Life","Metals","Manganese","ug/l","Dissolved","4","0","","5.3","10.95","20","",NA,"7.145","16.625","","","exp(0.3331*(log(hardness))+5.8743)","FALSE","FALSE","Good"
"Aquatic_Life","Metals","Mercury","ug/l","Total","0","","","","","","","","","","","","0.01","","","Data Gap"
"Aquatic_Life","Metals","Nickel","ug/l","Dissolved","4","4","","","","","","","","","","","exp(0.846*(log(hardness))+0.0554)","","","Poor Resolution"
"Aquatic_Life","Metals","Selenium","ug/l","Dissolved","4","2","","0","1.715","3.9","",NA,"0","3.6885","","","4.6","FALSE","FALSE","Acceptable"
"Aquatic_Life","Metals","Silver","ug/l","Dissolved","4","4","","","","","","","","","","","exp(1.72*(log(hardness))-10.51)","","","Poor Resolution"
"Aquatic_Life","Metals","Thallium","ug/l","Dissolved","0","","","","","","","","","","","","15","","","Data Gap"
"Aquatic_Life","Metals","Uranium","ug/l","Dissolved","0","","","","","","","","","","","","exp(1.1021*(log(hardness))+2.2382)","","","Data Gap"
"Aquatic_Life","Metals","Zinc","ug/l","Dissolved","4","1","","0","13.7","24.6","",NA,"2.88","22.98","","","0.986*exp(0.9094*(log(hardness))+0.6235)","FALSE","FALSE","Good"
"Recreation","Contact","Dissolved_Oxygen","mg/l","Dissolved","0","","","","","","","","","","","","3","","","Data Gap"
"Recreation","Contact","E_coli","cfu/100ml","","0","","","","","","","","","","","","126","","","Data Gap"
"Recreation","Contact","pH","Std. Units","","4","0","21COL001_WQX","8.13","8.28","8.37","","2019-06-11","8.157","8.37","","","6.5,9.0","FALSE","FALSE","Good"
"Human_Health","Water_Supply","Antimony","ug/l","Total","0","","","","","","","","","","","","6","","","Data Gap"
"Human_Health","Water_Supply","Arsenic","ug/l","Total","4","1","","0","0.4685","0.921","",NA,"0.1773","0.7509","","","10","FALSE","FALSE","Good"
"Human_Health","Water_Supply","Asbestos","fibers/L","","0","","","","","","","","","","","","7,000,000","","","Data Gap"
"Human_Health","Water_Supply","Barium","ug/l","Total","0","","","","","","","","","","","","490","","","Data Gap"
"Human_Health","Water_Supply","Beryllium","ug/l","Total","0","","","","","","","","","","","","4","","","Data Gap"
"Human_Health","Water_Supply","Cadmium","ug/l","Total","0","","","","","","","","","","","","5","","","Data Gap"
"Human_Health","Water_Supply","Chloride","mg/l","Dissolved","0","","","","","","","","","","","","250","","","Data Gap"
"Human_Health","Water_Supply","Chromium_III","ug/l","Total","0","","","","","","","","","","","","50","","","Data Gap"
"Human_Health","Water_Supply","Chromium_VI","ug/l","Total","0","","","","","","","","","","","","50","","","Data Gap"
"Human_Health","Water_Supply","Copper","ug/l","Total","0","","","","","","","","","","","","1000","","","Data Gap"
"Human_Health","Water_Supply","Cyanide","mg/l","Free Available","0","","","","","","","","","","","","0.2","","","Data Gap"
"Human_Health","Water_Supply","Dissolved_Oxygen","mg/l","Dissolved","0","","","","","","","","","","","","3","","","Data Gap"
"Human_Health","Water_Supply","E_coli","cfu/100ml","","0","","","","","","","","","","","","630","","","Data Gap"
"Human_Health","Water_Supply","Fluoride","mg/l","Dissolved","0","","","","","","","","","","","","2","","","Data Gap"
"Human_Health","Water_Supply","Iron","ug/l","Dissolved","4","0","","4.9","45","99.4","",NA,"10.255","87.61","","","300","FALSE","FALSE","Good"
"Human_Health","Water_Supply","Lead","ug/l","Total","0","","","","","","","","","","","","50","","","Data Gap"
"Human_Health","Water_Supply","Manganese","ug/l","Dissolved","4","0","","5.3","10.95","20","",NA,"7.145","16.625","","","50","FALSE","FALSE","Good"
"Human_Health","Water_Supply","Mercury","ug/l","Total","0","","","","","","","","","","","","2","","","Data Gap"
"Human_Health","Water_Supply","Molybdenum","ug/l","Total","4","3","","0","0","11.8","",NA,"0","6.49","","","210","FALSE","FALSE","Good"
"Human_Health","Water_Supply","Nickel","ug/l","Total","0","","","","","","","","","","","","100","","","Data Gap"
"Human_Health","Water_Supply","Nitrate_N","mg/l as N","Dissolved","0","","","","","","","","","","","","10","","","Data Gap"
"Human_Health","Water_Supply","Nitrite_N","mg/l as N","Dissolved","0","","","","","","","","","","","","1","","","Data Gap"
"Human_Health","Water_Supply","Selenium","ug/l","Total","0","","","","","","","","","","","","50","","","Data Gap"
"Human_Health","Water_Supply","Silver","ug/l","Total","0","","","","","","","","","","","","100","","","Data Gap"
"Human_Health","Water_Supply","Sulfate","mg/l","Dissolved","0","","","","","","","","","","","","250","","","Data Gap"
"Human_Health","Water_Supply","Sulfide_H2S","mg/l","Dissolved","0","","","","","","","","","","","","0.05","","","Data Gap"
"Human_Health","Water_Supply","Thallium","ug/l","Total","0","","","","","","","","","","","","0.5","","","Data Gap"
"Human_Health","Water_Supply","Uranium","ug/l","Total","0","","","","","","","","","","","","16.8","","","Data Gap"
"Human_Health","Water_Supply","Zinc","ug/l","Total","0","","","","","","","","","","","","5000","","","Data Gap"
"Human_Health","Water_Supply","pH","Std. Units","","4","0","21COL001_WQX","8.13","8.28","8.37","","2019-06-11","8.157","8.37","","","5.0,9.0","FALSE","FALSE","Good"
"Human_Health","Fish_Ingestion","Antimony","ug/l","Total","0","","","","","","","","","","","","640","","","Data Gap"
"Human_Health","Fish_Ingestion","Arsenic","ug/l","Total","4","1","","0","0.4685","0.921","",NA,"0.1773","0.7509","","","7.6","FALSE","FALSE","Good"
"Human_Health","Fish_Ingestion","Nickel","ug/l","Total","0","","","","","","","","","","","","4600","","","Data Gap"
"Human_Health","Fish_Ingestion","Selenium","ug/l","Total","0","","","","","","","","","","","","4200","","","Data Gap"
"Human_Health","Fish_Ingestion","Thallium","ug/l","Total","0","","","","","","","","","","","","0.47","","","Data Gap"
"Human_Health","Fish_Ingestion","Zinc","ug/l","Total","0","","","","","","","","","","","","26000","","","Data Gap"
"Human_Health","Fish_Water","Antimony","ug/l","Total","0","","","","","","","","","","","","5.6","","","Data Gap"
"Human_Health","Fish_Water","Arsenic","ug/l","Total","4","1","","0","0.4685","0.921","",NA,"0.1773","0.7509","","","0.02","TRUE","FALSE","Concern"
"Human_Health","Fish_Water","Chromium_VI","ug/l","Total","0","","","","","","","","","","","","100","","","Data Gap"
"Human_Health","Fish_Water","Copper","ug/l","Total","0","","","","","","","","","","","","1300","","","Data Gap"
"Human_Health","Fish_Water","Nickel","ug/l","Total","0","","","","","","","","","","","","610","","","Data Gap"
"Human_Health","Fish_Water","Selenium","ug/l","Total","0","","","","","","","","","","","","170","","","Data Gap"
"Human_Health","Fish_Water","Thallium","ug/l","Total","0","","","","","","","","","","","","0.24","","","Data Gap"
"Human_Health","Fish_Water","Zinc","ug/l","Total","0","","","","","","","","","","","","7400","","","Data Gap"
"Agriculture","Water_Supply","Arsenic","ug/l","Total","4","1","","0","0.4685","0.921","",NA,"0.1773","0.7509","","","100","FALSE","FALSE","Good"
"Agriculture","Water_Supply","Beryllium","ug/l","Total","0","","","","","","","","","","","","100","","","Data Gap"
"Agriculture","Water_Supply","Boron","mg/l","Dissolved","0","","","","","","","","","","","","0.75","","","Data Gap"
"Agriculture","Water_Supply","Cadmium","ug/l","Total","0","","","","","","","","","","","","10","","","Data Gap"
"Agriculture","Water_Supply","Chromium_III","ug/l","Total","0","","","","","","","","","","","","100","","","Data Gap"
"Agriculture","Water_Supply","Chromium_VI","ug/l","Total","0","","","","","","","","","","","","100","","","Data Gap"
"Agriculture","Water_Supply","Copper","ug/l","Total","0","","","","","","","","","","","","200","","","Data Gap"
"Agriculture","Water_Supply","Cyanide","mg/l","Dissolved","0","","","","","","","","","","","","0.2","","","Data Gap"
"Agriculture","Water_Supply","Lead","ug/l","Total","0","","","","","","","","","","","","100","","","Data Gap"
"Agriculture","Water_Supply","Manganese","ug/l","Total","0","","","","","","","","","","","","200","","","Data Gap"
"Agriculture","Water_Supply","Molybdenum","ug/l","Total","4","3","","0","0","11.8","",NA,"0","6.49","","","300","FALSE","FALSE","Good"
"Agriculture","Water_Supply","Nickel","ug/l","Total","0","","","","","","","","","","","","200","","","Data Gap"
"Agriculture","Water_Supply","Nitrate_N","mg/l as N","Dissolved","0","","","","","","","","","","","","100","","","Data Gap"
"Agriculture","Water_Supply","Nitrite_N","mg/l as N","Dissolved","0","","","","","","","","","","","","10","","","Data Gap"
"Agriculture","Water_Supply","Selenium","ug/l","Total","0","","","","","","","","","","","","20","","","Data Gap"
"Agriculture","Water_Supply","Zinc","ug/l","Total","0","","","","","","","","","","","","2000","","","Data Gap"
