"UseClass","Category","Indicator","Units","valueType","n","Censored","Organization","Minimum","Median","Maximum","Severity","DateOfMax","Percentile_15th","Percentile_85th","Kendal_Slope","Kendal_pValue","standard","StandardsExceeded","Impaired","Assessment"
"Aquatic_Life","Physical","Dissolved_Oxygen","mg/l","Dissolved","20","0","USGS-CO","7.5","10.3","10.7","","2020-11-17","8.835","10.6","","","7","FALSE","FALSE","Good"
"Aquatic_Life","Physical","Specific_Conductance","umho/cm","","0","","","","","","","","","","","","500","","","Data Gap"
"Aquatic_Life","Physical","pH","Std. Units","","3","0","CORIVWCH_WQX,21COL001_WQX","8","8","8.5","","2021-04-07","8","8.35","","","6.5,9.0","FALSE","FALSE","Good"
"Aquatic_Life","Nutrients","Chlorophyll_a","mg/m^2","","0","","","","","","","","","","","","150","","","Data Gap"
"Aquatic_Life","Nutrients","Total_Nitrogen","ug/l","Total","20","15","USGS-CO,21COL001_WQX","0","0","350","","2019-05-15","0","131.5","","","1250","FALSE","FALSE","Good"
"Aquatic_Life","Nutrients","Total_Phosphorous","ug/l","Total","21","7","USGS-CO,21COL001_WQX","0","5","27","","2021-09-20","0","14","","","110","FALSE","FALSE","Good"
"Aquatic_Life","Inorganics","Ammonia","mg/l as N","Total","0","","","","","","","","","","","","((0.0577/(1+10^7.688-pH))+(2.487/(1+10^(pH-7.688)))*min(2.85, 1.45*10^(0.028*(25-temp))))","","","Data Gap"
"Aquatic_Life","Inorganics","Chlorine","mg/l","Total Residual","0","","","","","","","","","","","","0.011","","","Data Gap"
"Aquatic_Life","Inorganics","Cyanide","mg/l","Free Available","0","","","","","","","","","","","","0.005","","","Data Gap"
"Aquatic_Life","Inorganics","Nitrite_N","mg/l as N","Dissolved","40","40","USGS-CO","","","","","","","","","","0.05","","","Poor Resolution"
"Aquatic_Life","Inorganics","Sulfide_H2S","mg/l","","0","","","","","","","","","","","","0.002","","","Data Gap"
"Aquatic_Life","Metals","Aluminum","ug/l","Total","4","2","","0","29.95","230","",NA,"0","153.455","","","ifelse(pH >= 7.0, exp(1.3695*(log(hardness))-0.1158), min(87, exp(1.3695*(log(hardness))-0.1158)))","FALSE","FALSE","Good"
"Aquatic_Life","Metals","Arsenic","ug/l","Total","24","9","USGS-CO","0","0.2","0.53","",NA,"0","0.2","","","150","FALSE","FALSE","Good"
"Aquatic_Life","Metals","Cadmium","ug/l","Dissolved","24","23","USGS-CO","0","0","0.031","","2019-12-16","0","0","","","1.101672-(log(hardness)*(0.041838))*exp(0.7977*(log(hardness))-3.909)","FALSE","FALSE","Good"
"Aquatic_Life","Metals","Chromium_III","ug/l","Dissolved","0","","","","","","","","","","","","exp(0.819*(log(hardness))+0.5340)","","","Data Gap"
"Aquatic_Life","Metals","Chromium_VI","ug/l","Dissolved","0","","","","","","","","","","","","11","","","Data Gap"
"Aquatic_Life","Metals","Copper","ug/l","Dissolved","24","11","USGS-CO","0","0.43","1.8","",NA,"0","0.674","","","exp(0.8545*(log(hardness))-1.7428)","FALSE","FALSE","Good"
"Aquatic_Life","Metals","Iron","ug/l","Total","24","0","","79","128","802","",NA,"106","273.6","","","1000","FALSE","FALSE","Good"
"Aquatic_Life","Metals","Lead","ug/l","Dissolved","24","16","USGS-CO","0","0","0.089","","2019-05-15","0","0.04255","","","(1.46203-(log(hardness)*0.145712))*exp(1.273*(log(hardness))-4.705)","FALSE","FALSE","Good"
"Aquatic_Life","Metals","Manganese","ug/l","Dissolved","24","3","USGS-CO","0","1.855","9.2","",NA,"0.798","6.592","","","exp(0.3331*(log(hardness))+5.8743)","FALSE","FALSE","Good"
"Aquatic_Life","Metals","Mercury","ug/l","Total","1","1","","","","","","","","","","","0.01","","","Poor Resolution"
"Aquatic_Life","Metals","Nickel","ug/l","Dissolved","2","2","USGS-CO","","","","","","","","","","exp(0.846*(log(hardness))+0.0554)","","","Poor Resolution"
"Aquatic_Life","Metals","Selenium","ug/l","Dissolved","24","4","USGS-CO","0","0.15","0.22","","2021-03-15","0.0584999999999999","0.19","","","4.6","FALSE","FALSE","Good"
"Aquatic_Life","Metals","Silver","ug/l","Dissolved","21","21","USGS-CO","","","","","","","","","","exp(1.72*(log(hardness))-10.51)","","","Poor Resolution"
"Aquatic_Life","Metals","Thallium","ug/l","Dissolved","1","1","","","","","","","","","","","15","","","Poor Resolution"
"Aquatic_Life","Metals","Uranium","ug/l","Dissolved","0","","","","","","","","","","","","exp(1.1021*(log(hardness))+2.2382)","","","Data Gap"
"Aquatic_Life","Metals","Zinc","ug/l","Dissolved","24","18","USGS-CO","0","0","78.5","",NA,"0","21.095","","","ifelse(hardness < 102, 0.986*exp(0.9094*(log(hardness))+0.6235), exp(2.140*(log(hardness))-5.084))","FALSE","FALSE","Good"
"Recreation","Contact","Dissolved_Oxygen","mg/l","Dissolved","20","0","USGS-CO","7.5","10.3","10.7","","2020-11-17","8.835","10.6","","","3","FALSE","FALSE","Good"
"Recreation","Contact","E_coli","cfu/100ml","","19","16","USGS-CO","0","0","4","","2018-06-19","0","0.299999999999997","","","126","FALSE","FALSE","Good"
"Recreation","Contact","pH","Std. Units","","3","0","CORIVWCH_WQX,21COL001_WQX","8","8","8.5","","2021-04-07","8","8.35","","","6.5,9.0","FALSE","FALSE","Good"
"Human_Health","Water_Supply","Antimony","ug/l","Total","0","","","","","","","","","","","","6","","","Data Gap"
"Human_Health","Water_Supply","Arsenic","ug/l","Total","24","9","USGS-CO","0","0.2","0.53","",NA,"0","0.2","","","10","FALSE","FALSE","Good"
"Human_Health","Water_Supply","Asbestos","fibers/L","","0","","","","","","","","","","","","7,000,000","","","Data Gap"
"Human_Health","Water_Supply","Barium","ug/l","Total","0","","","","","","","","","","","","490","","","Data Gap"
"Human_Health","Water_Supply","Beryllium","ug/l","Total","0","","","","","","","","","","","","4","","","Data Gap"
"Human_Health","Water_Supply","Cadmium","ug/l","Total","4","4","","","","","","","","","","","5","","","Poor Resolution"
"Human_Health","Water_Supply","Chloride","mg/l","Dissolved","20","0","USGS-CO","0.71","2.65","6.76","","2020-04-13","1.629","4.927","","","250","FALSE","FALSE","Good"
"Human_Health","Water_Supply","Chromium_III","ug/l","Total","0","","","","","","","","","","","","50","","","Data Gap"
"Human_Health","Water_Supply","Chromium_VI","ug/l","Total","0","","","","","","","","","","","","50","","","Data Gap"
"Human_Health","Water_Supply","Copper","ug/l","Total","3","2","","0","0","1.9","",NA,"0","1.33","","","1000","FALSE","FALSE","Good"
"Human_Health","Water_Supply","Cyanide","mg/l","Free Available","0","","","","","","","","","","","","0.2","","","Data Gap"
"Human_Health","Water_Supply","Dissolved_Oxygen","mg/l","Dissolved","20","0","USGS-CO","7.5","10.3","10.7","","2020-11-17","8.835","10.6","","","3","FALSE","FALSE","Good"
"Human_Health","Water_Supply","E_coli","cfu/100ml","","19","16","USGS-CO","0","0","4","","2018-06-19","0","0.299999999999997","","","630","FALSE","FALSE","Good"
"Human_Health","Water_Supply","Fluoride","mg/l","Dissolved","20","0","USGS-CO","0.07","0.105","0.14","","2018-08-28","0.08","0.12","","","2","FALSE","FALSE","Good"
"Human_Health","Water_Supply","Iron","ug/l","Dissolved","6","2","USGS-CO","0","48.4","534","",NA,"0","191.1","","","300","TRUE","FALSE","Concern"
"Human_Health","Water_Supply","Lead","ug/l","Total","4","4","","","","","","","","","","","50","","","Poor Resolution"
"Human_Health","Water_Supply","Manganese","ug/l","Dissolved","24","3","USGS-CO","0","1.855","9.2","",NA,"0.798","6.592","","","50","FALSE","FALSE","Good"
"Human_Health","Water_Supply","Mercury","ug/l","Total","1","1","","","","","","","","","","","2","","","Poor Resolution"
"Human_Health","Water_Supply","Molybdenum","ug/l","Total","21","1","","0","2.35","5.35","","2018-08-28","1.72","3.26","","","210","FALSE","FALSE","Good"
"Human_Health","Water_Supply","Nickel","ug/l","Total","1","1","","","","","","","","","","","100","","","Poor Resolution"
"Human_Health","Water_Supply","Nitrate_N","mg/l as N","Dissolved","32","24","USGS-CO","0","0","0.056","","2020-02-18","0","0.02205","","","10","FALSE","FALSE","Good"
"Human_Health","Water_Supply","Nitrite_N","mg/l as N","Dissolved","40","40","USGS-CO","","","","","","","","","","1","","","Poor Resolution"
"Human_Health","Water_Supply","Selenium","ug/l","Total","3","3","","","","","","","","","","","50","","","Poor Resolution"
"Human_Health","Water_Supply","Silver","ug/l","Total","0","","","","","","","","","","","","100","","","Data Gap"
"Human_Health","Water_Supply","Sulfate","mg/l","Dissolved","20","0","USGS-CO","6.01","10.03","11.7","","2019-12-16","7.7065","10.66","","","250","FALSE","FALSE","Good"
"Human_Health","Water_Supply","Sulfide_H2S","mg/l","Dissolved","0","","","","","","","","","","","","0.05","","","Data Gap"
"Human_Health","Water_Supply","Thallium","ug/l","Total","0","","","","","","","","","","","","0.5","","","Data Gap"
"Human_Health","Water_Supply","Uranium","ug/l","Total","0","","","","","","","","","","","","16.8","","","Data Gap"
"Human_Health","Water_Supply","Zinc","ug/l","Total","3","0","","39.8","55.3","113","",NA,"44.45","95.69","","","5000","FALSE","FALSE","Good"
"Human_Health","Water_Supply","pH","Std. Units","","3","0","CORIVWCH_WQX,21COL001_WQX","8","8","8.5","","2021-04-07","8","8.35","","","5.0,9.0","FALSE","FALSE","Good"
"Human_Health","Fish_Ingestion","Antimony","ug/l","Total","0","","","","","","","","","","","","640","","","Data Gap"
"Human_Health","Fish_Ingestion","Arsenic","ug/l","Total","24","9","USGS-CO","0","0.2","0.53","",NA,"0","0.2","","","7.6","FALSE","FALSE","Good"
"Human_Health","Fish_Ingestion","Nickel","ug/l","Total","1","1","","","","","","","","","","","4600","","","Poor Resolution"
"Human_Health","Fish_Ingestion","Selenium","ug/l","Total","3","3","","","","","","","","","","","4200","","","Poor Resolution"
"Human_Health","Fish_Ingestion","Thallium","ug/l","Total","0","","","","","","","","","","","","0.47","","","Data Gap"
"Human_Health","Fish_Ingestion","Zinc","ug/l","Total","3","0","","39.8","55.3","113","",NA,"44.45","95.69","","","26000","FALSE","TRUE","Poor"
"Human_Health","Fish_Water","Antimony","ug/l","Total","0","","","","","","","","","","","","5.6","","","Data Gap"
"Human_Health","Fish_Water","Arsenic","ug/l","Total","24","9","USGS-CO","0","0.2","0.53","",NA,"0","0.2","","","0.02","TRUE","TRUE","Poor"
"Human_Health","Fish_Water","Chromium_VI","ug/l","Total","0","","","","","","","","","","","","100","","","Data Gap"
"Human_Health","Fish_Water","Copper","ug/l","Total","3","2","","0","0","1.9","",NA,"0","1.33","","","1300","FALSE","FALSE","Good"
"Human_Health","Fish_Water","Nickel","ug/l","Total","1","1","","","","","","","","","","","610","","","Poor Resolution"
"Human_Health","Fish_Water","Selenium","ug/l","Total","3","3","","","","","","","","","","","170","","","Poor Resolution"
"Human_Health","Fish_Water","Thallium","ug/l","Total","0","","","","","","","","","","","","0.24","","","Data Gap"
"Human_Health","Fish_Water","Zinc","ug/l","Total","3","0","","39.8","55.3","113","",NA,"44.45","95.69","","","7400","FALSE","FALSE","Good"
"Agriculture","Water_Supply","Arsenic","ug/l","Total","24","9","USGS-CO","0","0.2","0.53","",NA,"0","0.2","","","100","FALSE","FALSE","Good"
"Agriculture","Water_Supply","Beryllium","ug/l","Total","0","","","","","","","","","","","","100","","","Data Gap"
"Agriculture","Water_Supply","Boron","mg/l","Dissolved","0","","","","","","","","","","","","0.75","","","Data Gap"
"Agriculture","Water_Supply","Cadmium","ug/l","Total","4","4","","","","","","","","","","","10","","","Poor Resolution"
"Agriculture","Water_Supply","Chromium_III","ug/l","Total","0","","","","","","","","","","","","100","","","Data Gap"
"Agriculture","Water_Supply","Chromium_VI","ug/l","Total","0","","","","","","","","","","","","100","","","Data Gap"
"Agriculture","Water_Supply","Copper","ug/l","Total","3","2","","0","0","1.9","",NA,"0","1.33","","","200","FALSE","FALSE","Good"
"Agriculture","Water_Supply","Cyanide","mg/l","Dissolved","0","","","","","","","","","","","","0.2","","","Data Gap"
"Agriculture","Water_Supply","Lead","ug/l","Total","4","4","","","","","","","","","","","100","","","Poor Resolution"
"Agriculture","Water_Supply","Manganese","ug/l","Total","23","1","","0","6.7","29.4","","2019-05-15","3.59","11.65","","","200","FALSE","FALSE","Good"
"Agriculture","Water_Supply","Molybdenum","ug/l","Total","21","1","","0","2.35","5.35","","2018-08-28","1.72","3.26","","","300","FALSE","FALSE","Good"
"Agriculture","Water_Supply","Nickel","ug/l","Total","1","1","","","","","","","","","","","200","","","Poor Resolution"
"Agriculture","Water_Supply","Nitrate_N","mg/l as N","Dissolved","32","24","USGS-CO","0","0","0.056","","2020-02-18","0","0.02205","","","100","FALSE","FALSE","Good"
"Agriculture","Water_Supply","Nitrite_N","mg/l as N","Dissolved","40","40","USGS-CO","","","","","","","","","","10","","","Poor Resolution"
"Agriculture","Water_Supply","Selenium","ug/l","Total","3","3","","","","","","","","","","","20","","","Poor Resolution"
"Agriculture","Water_Supply","Zinc","ug/l","Total","3","0","","39.8","55.3","113","",NA,"44.45","95.69","","","2000","FALSE","FALSE","Good"
