"UseClass","Category","Indicator","Units","valueType","n","Censored","Organization","Minimum","Median","Maximum","Severity","DateOfMax","Percentile_15th","Percentile_85th","Kendal_Slope","Kendal_pValue","standard","StandardsExceeded","Impaired","Assessment"
"Aquatic_Life","Physical","Dissolved_Oxygen","mg/l","Dissolved","32","0","USGS-CO","7.5","10.05","12.5","","2020-10-27","8.5","11.47","","","7","FALSE","FALSE","Good"
"Aquatic_Life","Physical","Specific_Conductance","umho/cm","","0","","","","","","","","","","","","500","","","Data Gap"
"Aquatic_Life","Physical","pH","Std. Units","","70","0","CORIVWCH_WQX,21COL001_WQX","6.89","8.12","9.53","","2021-08-17","7.52","8.8375","","","6.5,9.0","TRUE","FALSE","Good"
"Aquatic_Life","Nutrients","Chlorophyll_a","mg/m^2","","0","","","","","","","","","","","","150","","","Data Gap"
"Aquatic_Life","Nutrients","Total_Nitrogen","ug/l","Total","181","8","USGS-CO,21COL001_WQX","0","519","3400","","2021-03-16","259","1430","","","1250","FALSE","FALSE","Acceptable"
"Aquatic_Life","Nutrients","Total_Phosphorous","ug/l","Total","182","54","USGS-CO,21COL001_WQX","0","13.3","111","","2019-03-27","0","44.82","","","110","FALSE","FALSE","Good"
"Aquatic_Life","Inorganics","Ammonia","mg/l as N","Total","0","","","","","","","","","","","","((0.0577/(1+10^7.688-pH))+(2.487/(1+10^(pH-7.688)))*min(2.85, 1.45*10^(0.028*(25-temp))))","","","Data Gap"
"Aquatic_Life","Inorganics","Chlorine","mg/l","Total Residual","0","","","","","","","","","","","","0.011","","","Data Gap"
"Aquatic_Life","Inorganics","Cyanide","mg/l","Free Available","0","","","","","","","","","","","","0.005","","","Data Gap"
"Aquatic_Life","Inorganics","Nitrite_N","mg/l as N","Dissolved","36","13","USGS-CO","0","0.004","0.013","","2021-09-13","0","0.00975","","","0.05","FALSE","FALSE","Good"
"Aquatic_Life","Inorganics","Sulfide_H2S","mg/l","","0","","","","","","","","","","","","0.002","","","Data Gap"
"Aquatic_Life","Metals","Aluminum","ug/l","Total","118","100","","0","0","79813","",NA,"0","5.85000000000004","","","ifelse(pH >= 7.0, exp(1.3695*(log(hardness))-0.1158), min(87, exp(1.3695*(log(hardness))-0.1158)))","TRUE","FALSE","Good"
"Aquatic_Life","Metals","Arsenic","ug/l","Total","153","146","USGS-CO","0","0","1.34","",NA,"0","0","","","150","FALSE","FALSE","Good"
"Aquatic_Life","Metals","Cadmium","ug/l","Dissolved","153","153","USGS-CO","","","","","","","","","","1.101672-(log(hardness)*(0.041838))*exp(0.7977*(log(hardness))-3.909)","","","Poor Resolution"
"Aquatic_Life","Metals","Chromium_III","ug/l","Dissolved","0","","","","","","","","","","","","exp(0.819*(log(hardness))+0.5340)","","","Data Gap"
"Aquatic_Life","Metals","Chromium_VI","ug/l","Dissolved","0","","","","","","","","","","","","11","","","Data Gap"
"Aquatic_Life","Metals","Copper","ug/l","Dissolved","153","126","USGS-CO","0","0","2.9","",NA,"0","0.901999999999999","","","exp(0.8545*(log(hardness))-1.7428)","FALSE","FALSE","Good"
"Aquatic_Life","Metals","Iron","ug/l","Total","153","67","","0","11.1","579","",NA,"0","75.8","","","1000","FALSE","FALSE","Good"
"Aquatic_Life","Metals","Lead","ug/l","Dissolved","153","140","USGS-CO","0","0","0.057","",NA,"0","0","","","(1.46203-(log(hardness)*0.145712))*exp(1.273*(log(hardness))-4.705)","FALSE","FALSE","Good"
"Aquatic_Life","Metals","Manganese","ug/l","Dissolved","154","95","USGS-CO","0","0","511.9","",NA,"0","3.91999999999999","","","exp(0.3331*(log(hardness))+5.8743)","FALSE","FALSE","Good"
"Aquatic_Life","Metals","Mercury","ug/l","Total","15","14","","0","0","0.113","",NA,"0","0","","","0.01","TRUE","FALSE","Good"
"Aquatic_Life","Metals","Nickel","ug/l","Dissolved","28","28","","","","","","","","","","","exp(0.846*(log(hardness))+0.0554)","","","Poor Resolution"
"Aquatic_Life","Metals","Selenium","ug/l","Dissolved","153","129","USGS-CO","0","0","0.3","","2019-03-27","0","0.0719999999999999","","","4.6","FALSE","FALSE","Good"
"Aquatic_Life","Metals","Silver","ug/l","Dissolved","47","47","USGS-CO","","","","","","","","","","exp(1.72*(log(hardness))-10.51)","","","Poor Resolution"
"Aquatic_Life","Metals","Thallium","ug/l","Dissolved","15","15","","","","","","","","","","","15","","","Poor Resolution"
"Aquatic_Life","Metals","Uranium","ug/l","Dissolved","0","","","","","","","","","","","","exp(1.1021*(log(hardness))+2.2382)","","","Data Gap"
"Aquatic_Life","Metals","Zinc","ug/l","Dissolved","153","114","USGS-CO","0","0","98.6","",NA,"0","6.94","","","ifelse(hardness < 102, 0.986*exp(0.9094*(log(hardness))+0.6235), exp(2.140*(log(hardness))-5.084))","FALSE","FALSE","Good"
"Recreation","Contact","Dissolved_Oxygen","mg/l","Dissolved","32","0","USGS-CO","7.5","10.05","12.5","","2020-10-27","8.5","11.47","","","3","FALSE","FALSE","Good"
"Recreation","Contact","E_coli","cfu/100ml","","29","8","USGS-CO","0","3","37","","2022-08-10","0","8.4","","","126","FALSE","FALSE","Good"
"Recreation","Contact","pH","Std. Units","","70","0","CORIVWCH_WQX,21COL001_WQX","6.89","8.12","9.53","","2021-08-17","7.52","8.8375","","","6.5,9.0","TRUE","FALSE","Good"
"Human_Health","Water_Supply","Antimony","ug/l","Total","0","","","","","","","","","","","","6","","","Data Gap"
"Human_Health","Water_Supply","Arsenic","ug/l","Total","153","146","USGS-CO","0","0","1.34","",NA,"0","0","","","10","FALSE","FALSE","Good"
"Human_Health","Water_Supply","Asbestos","fibers/L","","0","","","","","","","","","","","","7,000,000","","","Data Gap"
"Human_Health","Water_Supply","Barium","ug/l","Total","0","","","","","","","","","","","","490","","","Data Gap"
"Human_Health","Water_Supply","Beryllium","ug/l","Total","0","","","","","","","","","","","","4","","","Data Gap"
"Human_Health","Water_Supply","Cadmium","ug/l","Total","118","116","","0","0","1.41","",NA,"0","0","","","5","FALSE","FALSE","Good"
"Human_Health","Water_Supply","Chloride","mg/l","Dissolved","31","0","USGS-CO","3.31","28.6","84.6","","2022-04-18","10.45","52.1","","","250","FALSE","FALSE","Good"
"Human_Health","Water_Supply","Chromium_III","ug/l","Total","0","","","","","","","","","","","","50","","","Data Gap"
"Human_Health","Water_Supply","Chromium_VI","ug/l","Total","0","","","","","","","","","","","","50","","","Data Gap"
"Human_Health","Water_Supply","Copper","ug/l","Total","103","90","","0","0","6.7","",NA,"0","0","","","1000","FALSE","FALSE","Good"
"Human_Health","Water_Supply","Cyanide","mg/l","Free Available","0","","","","","","","","","","","","0.2","","","Data Gap"
"Human_Health","Water_Supply","Dissolved_Oxygen","mg/l","Dissolved","32","0","USGS-CO","7.5","10.05","12.5","","2020-10-27","8.5","11.47","","","3","FALSE","FALSE","Good"
"Human_Health","Water_Supply","E_coli","cfu/100ml","","29","8","USGS-CO","0","3","37","","2022-08-10","0","8.4","","","630","FALSE","FALSE","Good"
"Human_Health","Water_Supply","Fluoride","mg/l","Dissolved","31","0","USGS-CO","0.07","0.12","0.18","","2022-01-24","0.085","0.14","","","2","FALSE","FALSE","Good"
"Human_Health","Water_Supply","Iron","ug/l","Dissolved","132","104","USGS-CO","0","0","88","",NA,"0","6.95499999999999","","","300","FALSE","FALSE","Good"
"Human_Health","Water_Supply","Lead","ug/l","Total","118","116","","0","0","490","",NA,"0","0","","","50","TRUE","FALSE","Good"
"Human_Health","Water_Supply","Manganese","ug/l","Dissolved","154","95","USGS-CO","0","0","511.9","",NA,"0","3.91999999999999","","","50","TRUE","FALSE","Good"
"Human_Health","Water_Supply","Mercury","ug/l","Total","15","14","","0","0","0.113","",NA,"0","0","","","2","FALSE","FALSE","Good"
"Human_Health","Water_Supply","Molybdenum","ug/l","Total","28","27","","0","0","3.3","",NA,"0","0","","","210","FALSE","FALSE","Good"
"Human_Health","Water_Supply","Nickel","ug/l","Total","15","15","","","","","","","","","","","100","","","Poor Resolution"
"Human_Health","Water_Supply","Nitrate_N","mg/l as N","Dissolved","32","0","USGS-CO","0.094","0.639","2.99","","2021-03-16","0.1474","1.2935","","","10","FALSE","TRUE","Poor"
"Human_Health","Water_Supply","Nitrite_N","mg/l as N","Dissolved","36","13","USGS-CO","0","0.004","0.013","","2021-09-13","0","0.00975","","","1","FALSE","FALSE","Good"
"Human_Health","Water_Supply","Selenium","ug/l","Total","103","102","","0","0","542.3","",NA,"0","0","","","50","TRUE","FALSE","Good"
"Human_Health","Water_Supply","Silver","ug/l","Total","0","","","","","","","","","","","","100","","","Data Gap"
"Human_Health","Water_Supply","Sulfate","mg/l","Dissolved","31","0","USGS-CO","5.03","56.4","86.7","","2020-10-27","8.785","72.2","","","250","FALSE","FALSE","Good"
"Human_Health","Water_Supply","Sulfide_H2S","mg/l","Dissolved","0","","","","","","","","","","","","0.05","","","Data Gap"
"Human_Health","Water_Supply","Thallium","ug/l","Total","0","","","","","","","","","","","","0.5","","","Data Gap"
"Human_Health","Water_Supply","Uranium","ug/l","Total","0","","","","","","","","","","","","16.8","","","Data Gap"
"Human_Health","Water_Supply","Zinc","ug/l","Total","103","68","","0","0","3285.9","",NA,"0","12.71","","","5000","FALSE","FALSE","Good"
"Human_Health","Water_Supply","pH","Std. Units","","70","0","CORIVWCH_WQX,21COL001_WQX","6.89","8.12","9.53","","2021-08-17","7.52","8.8375","","","5.0,9.0","TRUE","FALSE","Good"
"Human_Health","Fish_Ingestion","Antimony","ug/l","Total","0","","","","","","","","","","","","640","","","Data Gap"
"Human_Health","Fish_Ingestion","Arsenic","ug/l","Total","153","146","USGS-CO","0","0","1.34","",NA,"0","0","","","7.6","FALSE","FALSE","Good"
"Human_Health","Fish_Ingestion","Nickel","ug/l","Total","15","15","","","","","","","","","","","4600","","","Poor Resolution"
"Human_Health","Fish_Ingestion","Selenium","ug/l","Total","103","102","","0","0","542.3","",NA,"0","0","","","4200","FALSE","FALSE","Good"
"Human_Health","Fish_Ingestion","Thallium","ug/l","Total","0","","","","","","","","","","","","0.47","","","Data Gap"
"Human_Health","Fish_Ingestion","Zinc","ug/l","Total","103","68","","0","0","3285.9","",NA,"0","12.71","","","26000","FALSE","TRUE","Poor"
"Human_Health","Fish_Water","Antimony","ug/l","Total","0","","","","","","","","","","","","5.6","","","Data Gap"
"Human_Health","Fish_Water","Arsenic","ug/l","Total","153","146","USGS-CO","0","0","1.34","",NA,"0","0","","","0.02","TRUE","TRUE","Poor"
"Human_Health","Fish_Water","Chromium_VI","ug/l","Total","0","","","","","","","","","","","","100","","","Data Gap"
"Human_Health","Fish_Water","Copper","ug/l","Total","103","90","","0","0","6.7","",NA,"0","0","","","1300","FALSE","FALSE","Good"
"Human_Health","Fish_Water","Nickel","ug/l","Total","15","15","","","","","","","","","","","610","","","Poor Resolution"
"Human_Health","Fish_Water","Selenium","ug/l","Total","103","102","","0","0","542.3","",NA,"0","0","","","170","FALSE","FALSE","Good"
"Human_Health","Fish_Water","Thallium","ug/l","Total","0","","","","","","","","","","","","0.24","","","Data Gap"
"Human_Health","Fish_Water","Zinc","ug/l","Total","103","68","","0","0","3285.9","",NA,"0","12.71","","","7400","FALSE","FALSE","Good"
"Agriculture","Water_Supply","Arsenic","ug/l","Total","153","146","USGS-CO","0","0","1.34","",NA,"0","0","","","100","FALSE","FALSE","Good"
"Agriculture","Water_Supply","Beryllium","ug/l","Total","0","","","","","","","","","","","","100","","","Data Gap"
"Agriculture","Water_Supply","Boron","mg/l","Dissolved","0","","","","","","","","","","","","0.75","","","Data Gap"
"Agriculture","Water_Supply","Cadmium","ug/l","Total","118","116","","0","0","1.41","",NA,"0","0","","","10","FALSE","FALSE","Good"
"Agriculture","Water_Supply","Chromium_III","ug/l","Total","0","","","","","","","","","","","","100","","","Data Gap"
"Agriculture","Water_Supply","Chromium_VI","ug/l","Total","0","","","","","","","","","","","","100","","","Data Gap"
"Agriculture","Water_Supply","Copper","ug/l","Total","103","90","","0","0","6.7","",NA,"0","0","","","200","FALSE","FALSE","Good"
"Agriculture","Water_Supply","Cyanide","mg/l","Dissolved","0","","","","","","","","","","","","0.2","","","Data Gap"
"Agriculture","Water_Supply","Lead","ug/l","Total","118","116","","0","0","490","",NA,"0","0","","","100","TRUE","FALSE","Good"
"Agriculture","Water_Supply","Manganese","ug/l","Total","125","52","","0","3.1","7640","",NA,"0","12.14","","","200","TRUE","FALSE","Good"
"Agriculture","Water_Supply","Molybdenum","ug/l","Total","28","27","","0","0","3.3","",NA,"0","0","","","300","FALSE","FALSE","Good"
"Agriculture","Water_Supply","Nickel","ug/l","Total","15","15","","","","","","","","","","","200","","","Poor Resolution"
"Agriculture","Water_Supply","Nitrate_N","mg/l as N","Dissolved","32","0","USGS-CO","0.094","0.639","2.99","","2021-03-16","0.1474","1.2935","","","100","FALSE","TRUE","Poor"
"Agriculture","Water_Supply","Nitrite_N","mg/l as N","Dissolved","36","13","USGS-CO","0","0.004","0.013","","2021-09-13","0","0.00975","","","10","FALSE","FALSE","Good"
"Agriculture","Water_Supply","Selenium","ug/l","Total","103","102","","0","0","542.3","",NA,"0","0","","","20","TRUE","FALSE","Good"
"Agriculture","Water_Supply","Zinc","ug/l","Total","103","68","","0","0","3285.9","",NA,"0","12.71","","","2000","FALSE","FALSE","Good"
