"UseClass","Category","Indicator","Units","valueType","n","Censored","Organization","Minimum","Median","Maximum","Severity","DateOfMax","Percentile_15th","Percentile_85th","Kendal_Slope","Kendal_pValue","standard","StandardsExceeded","Impaired","Assessment"
"Aquatic_Life","Physical","Dissolved_Oxygen","mg/l","Dissolved","37","0","USGS-CO","7.6","9.6","11.1","","2019-12-16","8.24","10.92","","","7","FALSE","FALSE","Good"
"Aquatic_Life","Physical","Specific_Conductance","umho/cm","","0","","","","","","","","","","","","500","","","Data Gap"
"Aquatic_Life","Physical","pH","Std. Units","","36","0","CORIVWCH_WQX","7.21","7.77","8.26","","2018-12-14","7.525","7.9875","","","6.5,9.0","FALSE","FALSE","Good"
"Aquatic_Life","Nutrients","Chlorophyll_a","mg/m^2","","0","","","","","","","","","","","","150","","","Data Gap"
"Aquatic_Life","Nutrients","Total_Nitrogen","ug/l","Total","36","22","USGS-CO","0","0","420","","2019-05-15","0","192.5","","","1250","FALSE","FALSE","Good"
"Aquatic_Life","Nutrients","Total_Phosphorous","ug/l","Total","37","6","USGS-CO","0","6","21","","2019-05-15","2","13","","","110","FALSE","FALSE","Good"
"Aquatic_Life","Inorganics","Ammonia","mg/l as N","Total","0","","","","","","","","","","","","((0.0577/(1+10^7.688-pH))+(2.487/(1+10^(pH-7.688)))*min(2.85, 1.45*10^(0.028*(25-temp))))","","","Data Gap"
"Aquatic_Life","Inorganics","Chlorine","mg/l","Total Residual","0","","","","","","","","","","","","0.011","","","Data Gap"
"Aquatic_Life","Inorganics","Cyanide","mg/l","Free Available","0","","","","","","","","","","","","0.005","","","Data Gap"
"Aquatic_Life","Inorganics","Nitrite_N","mg/l as N","Dissolved","73","73","USGS-CO","","","","","","","","","","0.05","","","Poor Resolution"
"Aquatic_Life","Inorganics","Sulfide_H2S","mg/l","","0","","","","","","","","","","","","0.002","","","Data Gap"
"Aquatic_Life","Metals","Aluminum","ug/l","Total","17","9","","0","0","289","",NA,"0","77.8","","","ifelse(pH >= 7.0, exp(1.3695*(log(hardness))-0.1158), min(87, exp(1.3695*(log(hardness))-0.1158)))","FALSE","FALSE","Good"
"Aquatic_Life","Metals","Arsenic","ug/l","Total","45","17","USGS-CO","0","0.2","0.9","","2022-11-15","0","0.3","","","150","FALSE","FALSE","Good"
"Aquatic_Life","Metals","Cadmium","ug/l","Dissolved","54","15","USGS-CO","0","0.095","0.765","","2020-04-13","0","0.17245","","","1.101672-(log(hardness)*(0.041838))*exp(0.7998*(log(hardness))-3.1725)","TRUE","TRUE","Poor"
"Aquatic_Life","Metals","Chromium_III","ug/l","Dissolved","0","","","","","","","","","","","","exp(0.819*(log(hardness))+0.5340)","","","Data Gap"
"Aquatic_Life","Metals","Chromium_VI","ug/l","Dissolved","0","","","","","","","","","","","","11","","","Data Gap"
"Aquatic_Life","Metals","Copper","ug/l","Dissolved","54","5","USGS-CO","0","1.5","7.9","","2020-04-13","1.095","3.265","","","0.96*exp(0.5897*(log(hardness))-0.0053)","FALSE","FALSE","Good"
"Aquatic_Life","Metals","Iron","ug/l","Total","54","1","","0","459","937","",NA,"276.45","727.7","","","1000","FALSE","FALSE","Good"
"Aquatic_Life","Metals","Lead","ug/l","Dissolved","54","17","USGS-CO","0","0.117","0.782","","2022-11-15","0","0.21925","","","(1.46203-(log(hardness)*0.145712))*exp(1.273*(log(hardness))-4.705)","FALSE","FALSE","Good"
"Aquatic_Life","Metals","Manganese","ug/l","Dissolved","54","0","USGS-CO","20","94.6","253.6","",NA,"30.765","145.55","","","exp(0.3331*(log(hardness))+5.8743)","FALSE","FALSE","Good"
"Aquatic_Life","Metals","Mercury","ug/l","Total","0","","","","","","","","","","","","0.01","","","Data Gap"
"Aquatic_Life","Metals","Nickel","ug/l","Dissolved","21","5","USGS-CO","0","0.25","0.69","","2020-04-13","0","0.42","","","exp(0.846*(log(hardness))+0.0554)","FALSE","FALSE","Good"
"Aquatic_Life","Metals","Selenium","ug/l","Dissolved","54","18","USGS-CO","0","0.11","0.16","","2021-03-15","0","0.13","","","4.6","FALSE","FALSE","Good"
"Aquatic_Life","Metals","Silver","ug/l","Dissolved","37","37","USGS-CO","","","","","","","","","","exp(1.72*(log(hardness))-10.51)","","","Poor Resolution"
"Aquatic_Life","Metals","Thallium","ug/l","Dissolved","0","","","","","","","","","","","","15","","","Data Gap"
"Aquatic_Life","Metals","Uranium","ug/l","Dissolved","0","","","","","","","","","","","","exp(1.1021*(log(hardness))+2.2382)","","","Data Gap"
"Aquatic_Life","Metals","Zinc","ug/l","Dissolved","54","0","USGS-CO","14.2","65.25","337.9","",NA,"30.465","136.72","","","0.986*exp(0.8537*(log(hardness))+1.9593)","FALSE","FALSE","Good"
"Recreation","Contact","Dissolved_Oxygen","mg/l","Dissolved","37","0","USGS-CO","7.6","9.6","11.1","","2019-12-16","8.24","10.92","","","3","FALSE","FALSE","Good"
"Recreation","Contact","E_coli","cfu/100ml","","29","9","USGS-CO","0","1","25","","2022-05-18","0","4","","","126","FALSE","FALSE","Good"
"Recreation","Contact","pH","Std. Units","","36","0","CORIVWCH_WQX","7.21","7.77","8.26","","2018-12-14","7.525","7.9875","","","6.5,9.0","FALSE","FALSE","Good"
"Human_Health","Water_Supply","Antimony","ug/l","Total","0","","","","","","","","","","","","6","","","Data Gap"
"Human_Health","Water_Supply","Arsenic","ug/l","Total","45","17","USGS-CO","0","0.2","0.9","","2022-11-15","0","0.3","","","10","FALSE","FALSE","Good"
"Human_Health","Water_Supply","Asbestos","fibers/L","","0","","","","","","","","","","","","7,000,000","","","Data Gap"
"Human_Health","Water_Supply","Barium","ug/l","Total","0","","","","","","","","","","","","490","","","Data Gap"
"Human_Health","Water_Supply","Beryllium","ug/l","Total","0","","","","","","","","","","","","4","","","Data Gap"
"Human_Health","Water_Supply","Cadmium","ug/l","Total","17","13","","0","0","0.79","",NA,"0","0.478","","","5","FALSE","FALSE","Good"
"Human_Health","Water_Supply","Chloride","mg/l","Dissolved","30","0","USGS-CO","0.46","1.74","6.06","","2019-03-26","1.019","2.7095","","","250","FALSE","FALSE","Good"
"Human_Health","Water_Supply","Chromium_III","ug/l","Total","0","","","","","","","","","","","","50","","","Data Gap"
"Human_Health","Water_Supply","Chromium_VI","ug/l","Total","0","","","","","","","","","","","","50","","","Data Gap"
"Human_Health","Water_Supply","Copper","ug/l","Total","17","5","","0","2.1","10","",NA,"0","5.54","","","1000","FALSE","FALSE","Good"
"Human_Health","Water_Supply","Cyanide","mg/l","Free Available","0","","","","","","","","","","","","0.2","","","Data Gap"
"Human_Health","Water_Supply","Dissolved_Oxygen","mg/l","Dissolved","37","0","USGS-CO","7.6","9.6","11.1","","2019-12-16","8.24","10.92","","","3","FALSE","FALSE","Good"
"Human_Health","Water_Supply","E_coli","cfu/100ml","","29","9","USGS-CO","0","1","25","","2022-05-18","0","4","","","630","FALSE","FALSE","Good"
"Human_Health","Water_Supply","Fluoride","mg/l","Dissolved","30","0","USGS-CO","0.05","0.07","0.09","","2018-08-28","0.0535","0.08","","","2","FALSE","FALSE","Good"
"Human_Health","Water_Supply","Iron","ug/l","Dissolved","38","0","USGS-CO","57.7","209","709","",NA,"121.15","324.55","","","300","TRUE","TRUE","Poor"
"Human_Health","Water_Supply","Lead","ug/l","Total","17","14","","0","0","4","",NA,"0","2.4","","","50","FALSE","FALSE","Good"
"Human_Health","Water_Supply","Manganese","ug/l","Dissolved","54","0","USGS-CO","20","94.6","253.6","",NA,"30.765","145.55","","","50","TRUE","TRUE","Poor"
"Human_Health","Water_Supply","Mercury","ug/l","Total","0","","","","","","","","","","","","2","","","Data Gap"
"Human_Health","Water_Supply","Molybdenum","ug/l","Total","13","0","","0.56","0.96","2.4","","2022-08-08","0.622","2.026","","","210","FALSE","FALSE","Good"
"Human_Health","Water_Supply","Nickel","ug/l","Total","0","","","","","","","","","","","","100","","","Data Gap"
"Human_Health","Water_Supply","Nitrate_N","mg/l as N","Dissolved","57","40","USGS-CO","0","0","0.125","","2019-05-15","0","0.0522","","","10","FALSE","FALSE","Good"
"Human_Health","Water_Supply","Nitrite_N","mg/l as N","Dissolved","73","73","USGS-CO","","","","","","","","","","1","","","Poor Resolution"
"Human_Health","Water_Supply","Selenium","ug/l","Total","17","17","","","","","","","","","","","50","","","Poor Resolution"
"Human_Health","Water_Supply","Silver","ug/l","Total","0","","","","","","","","","","","","100","","","Data Gap"
"Human_Health","Water_Supply","Sulfate","mg/l","Dissolved","30","0","USGS-CO","4.01","13.3","21.4","","2019-03-26","6.768","17.25","","","250","FALSE","FALSE","Good"
"Human_Health","Water_Supply","Sulfide_H2S","mg/l","Dissolved","0","","","","","","","","","","","","0.05","","","Data Gap"
"Human_Health","Water_Supply","Thallium","ug/l","Total","0","","","","","","","","","","","","0.5","","","Data Gap"
"Human_Health","Water_Supply","Uranium","ug/l","Total","0","","","","","","","","","","","","16.8","","","Data Gap"
"Human_Health","Water_Supply","Zinc","ug/l","Total","17","1","","0","91.5","343.5","",NA,"31.66","167.96","","","5000","FALSE","FALSE","Good"
"Human_Health","Water_Supply","pH","Std. Units","","36","0","CORIVWCH_WQX","7.21","7.77","8.26","","2018-12-14","7.525","7.9875","","","5.0,9.0","FALSE","FALSE","Good"
"Human_Health","Fish_Ingestion","Antimony","ug/l","Total","0","","","","","","","","","","","","640","","","Data Gap"
"Human_Health","Fish_Ingestion","Arsenic","ug/l","Total","45","17","USGS-CO","0","0.2","0.9","","2022-11-15","0","0.3","","","7.6","FALSE","FALSE","Good"
"Human_Health","Fish_Ingestion","Nickel","ug/l","Total","0","","","","","","","","","","","","4600","","","Data Gap"
"Human_Health","Fish_Ingestion","Selenium","ug/l","Total","17","17","","","","","","","","","","","4200","","","Poor Resolution"
"Human_Health","Fish_Ingestion","Thallium","ug/l","Total","0","","","","","","","","","","","","0.47","","","Data Gap"
"Human_Health","Fish_Ingestion","Zinc","ug/l","Total","17","1","","0","91.5","343.5","",NA,"31.66","167.96","","","26000","FALSE","TRUE","Poor"
"Human_Health","Fish_Water","Antimony","ug/l","Total","0","","","","","","","","","","","","5.6","","","Data Gap"
"Human_Health","Fish_Water","Arsenic","ug/l","Total","45","17","USGS-CO","0","0.2","0.9","","2022-11-15","0","0.3","","","0.02","TRUE","TRUE","Poor"
"Human_Health","Fish_Water","Chromium_VI","ug/l","Total","0","","","","","","","","","","","","100","","","Data Gap"
"Human_Health","Fish_Water","Copper","ug/l","Total","17","5","","0","2.1","10","",NA,"0","5.54","","","1300","FALSE","FALSE","Good"
"Human_Health","Fish_Water","Nickel","ug/l","Total","0","","","","","","","","","","","","610","","","Data Gap"
"Human_Health","Fish_Water","Selenium","ug/l","Total","17","17","","","","","","","","","","","170","","","Poor Resolution"
"Human_Health","Fish_Water","Thallium","ug/l","Total","0","","","","","","","","","","","","0.24","","","Data Gap"
"Human_Health","Fish_Water","Zinc","ug/l","Total","17","1","","0","91.5","343.5","",NA,"31.66","167.96","","","7400","FALSE","FALSE","Good"
"Agriculture","Water_Supply","Arsenic","ug/l","Total","45","17","USGS-CO","0","0.2","0.9","","2022-11-15","0","0.3","","","100","FALSE","FALSE","Good"
"Agriculture","Water_Supply","Beryllium","ug/l","Total","0","","","","","","","","","","","","100","","","Data Gap"
"Agriculture","Water_Supply","Boron","mg/l","Dissolved","0","","","","","","","","","","","","0.75","","","Data Gap"
"Agriculture","Water_Supply","Cadmium","ug/l","Total","17","13","","0","0","0.79","",NA,"0","0.478","","","10","FALSE","FALSE","Good"
"Agriculture","Water_Supply","Chromium_III","ug/l","Total","0","","","","","","","","","","","","100","","","Data Gap"
"Agriculture","Water_Supply","Chromium_VI","ug/l","Total","0","","","","","","","","","","","","100","","","Data Gap"
"Agriculture","Water_Supply","Copper","ug/l","Total","17","5","","0","2.1","10","",NA,"0","5.54","","","200","FALSE","FALSE","Good"
"Agriculture","Water_Supply","Cyanide","mg/l","Dissolved","0","","","","","","","","","","","","0.2","","","Data Gap"
"Agriculture","Water_Supply","Lead","ug/l","Total","17","14","","0","0","4","",NA,"0","2.4","","","100","FALSE","FALSE","Good"
"Agriculture","Water_Supply","Manganese","ug/l","Total","54","1","","0","105.5","271.7","",NA,"42.365","170.1","","","200","TRUE","FALSE","Concern"
"Agriculture","Water_Supply","Molybdenum","ug/l","Total","13","0","","0.56","0.96","2.4","","2022-08-08","0.622","2.026","","","300","FALSE","FALSE","Good"
"Agriculture","Water_Supply","Nickel","ug/l","Total","0","","","","","","","","","","","","200","","","Data Gap"
"Agriculture","Water_Supply","Nitrate_N","mg/l as N","Dissolved","57","40","USGS-CO","0","0","0.125","","2019-05-15","0","0.0522","","","100","FALSE","FALSE","Good"
"Agriculture","Water_Supply","Nitrite_N","mg/l as N","Dissolved","73","73","USGS-CO","","","","","","","","","","10","","","Poor Resolution"
"Agriculture","Water_Supply","Selenium","ug/l","Total","17","17","","","","","","","","","","","20","","","Poor Resolution"
"Agriculture","Water_Supply","Zinc","ug/l","Total","17","1","","0","91.5","343.5","",NA,"31.66","167.96","","","2000","FALSE","FALSE","Good"
