"UseClass","Category","Indicator","Units","valueType","n","Censored","Organization","Minimum","Median","Maximum","Severity","DateOfMax","Percentile_15th","Percentile_85th","Kendal_Slope","Kendal_pValue","standard","StandardsExceeded","Impaired","Assessment"
"Aquatic_Life","Physical","Dissolved_Oxygen","mg/l","Dissolved","0","","","","","","","","","","","","7","","","Data Gap"
"Aquatic_Life","Physical","Specific_Conductance","umho/cm","","0","","","","","","","","","","","","500","","","Data Gap"
"Aquatic_Life","Physical","pH","Std. Units","","43","0","CORIVWCH_WQX","7.54","8.3","8.89","","2022-10-07","8.189","8.663","","","6.5,9.0","FALSE","FALSE","Good"
"Aquatic_Life","Nutrients","Chlorophyll_a","mg/m^2","","0","","","","","","","","","","","","150","","","Data Gap"
"Aquatic_Life","Nutrients","Total_Nitrogen","ug/l","Total","61","1","21COL001_WQX","0","650","1640","","2018-01-02","374","1130","","","1250","FALSE","FALSE","Acceptable"
"Aquatic_Life","Nutrients","Total_Phosphorous","ug/l","Total","62","2","21COL001_WQX,CORIVWCH_WQX","0","39.35","259","","2020-08-04","16.365","90.22","","","110","FALSE","FALSE","Good"
"Aquatic_Life","Inorganics","Ammonia","mg/l as N","Total","0","","","","","","","","","","","","((0.0577/(1+10^7.688-pH))+(2.487/(1+10^(pH-7.688)))*min(2.85, 1.45*10^(0.028*(25-temp))))","","","Data Gap"
"Aquatic_Life","Inorganics","Chlorine","mg/l","Total Residual","0","","","","","","","","","","","","0.011","","","Data Gap"
"Aquatic_Life","Inorganics","Cyanide","mg/l","Free Available","0","","","","","","","","","","","","0.005","","","Data Gap"
"Aquatic_Life","Inorganics","Nitrite_N","mg/l as N","Dissolved","0","","","","","","","","","","","","0.05","","","Data Gap"
"Aquatic_Life","Inorganics","Sulfide_H2S","mg/l","","0","","","","","","","","","","","","0.002","","","Data Gap"
"Aquatic_Life","Metals","Aluminum","ug/l","Total","36","19","","0","0","558","",NA,"0","42","","","ifelse(pH >= 7.0, exp(1.3695*(log(hardness))-0.1158), min(87, exp(1.3695*(log(hardness))-0.1158)))","FALSE","FALSE","Good"
"Aquatic_Life","Metals","Arsenic","ug/l","Total","36","36","","","","","","","","","","","150","","","Poor Resolution"
"Aquatic_Life","Metals","Cadmium","ug/l","Dissolved","36","32","","0","0","1.18","",NA,"0","0","","","1.101672-(log(hardness)*(0.041838))*exp(0.7977*(log(hardness))-3.909)","TRUE","FALSE","Good"
"Aquatic_Life","Metals","Chromium_III","ug/l","Dissolved","0","","","","","","","","","","","","exp(0.819*(log(hardness))+0.5340)","","","Data Gap"
"Aquatic_Life","Metals","Chromium_VI","ug/l","Dissolved","0","","","","","","","","","","","","11","","","Data Gap"
"Aquatic_Life","Metals","Copper","ug/l","Dissolved","36","21","","0","0","8.6","",NA,"0","2.775","","","exp(0.8545*(log(hardness))-1.7428)","FALSE","FALSE","Good"
"Aquatic_Life","Metals","Iron","ug/l","Total","36","3","","0","89.5","880","",NA,"69.25","188.5","","","1000","FALSE","FALSE","Good"
"Aquatic_Life","Metals","Lead","ug/l","Dissolved","36","36","","","","","","","","","","","(1.46203-(log(hardness)*0.145712))*exp(1.273*(log(hardness))-4.705)","","","Poor Resolution"
"Aquatic_Life","Metals","Manganese","ug/l","Dissolved","36","1","","0","13.8","69.2","",NA,"7.025","21.225","","","exp(0.3331*(log(hardness))+5.8743)","FALSE","FALSE","Good"
"Aquatic_Life","Metals","Mercury","ug/l","Total","0","","","","","","","","","","","","0.01","","","Data Gap"
"Aquatic_Life","Metals","Nickel","ug/l","Dissolved","0","","","","","","","","","","","","exp(0.846*(log(hardness))+0.0554)","","","Data Gap"
"Aquatic_Life","Metals","Selenium","ug/l","Dissolved","36","36","","","","","","","","","","","4.6","","","Poor Resolution"
"Aquatic_Life","Metals","Silver","ug/l","Dissolved","0","","","","","","","","","","","","exp(1.72*(log(hardness))-10.51)","","","Data Gap"
"Aquatic_Life","Metals","Thallium","ug/l","Dissolved","0","","","","","","","","","","","","15","","","Data Gap"
"Aquatic_Life","Metals","Uranium","ug/l","Dissolved","0","","","","","","","","","","","","exp(1.1021*(log(hardness))+2.2382)","","","Data Gap"
"Aquatic_Life","Metals","Zinc","ug/l","Dissolved","36","13","","0","10.25","99","",NA,"0","22.35","","","0.986*exp(0.9094*(log(hardness))+0.6235)","FALSE","FALSE","Good"
"Recreation","Contact","Dissolved_Oxygen","mg/l","Dissolved","0","","","","","","","","","","","","3","","","Data Gap"
"Recreation","Contact","E_coli","cfu/100ml","","0","","","","","","","","","","","","126","","","Data Gap"
"Recreation","Contact","pH","Std. Units","","43","0","CORIVWCH_WQX","7.54","8.3","8.89","","2022-10-07","8.189","8.663","","","6.5,9.0","FALSE","FALSE","Good"
"Human_Health","Water_Supply","Antimony","ug/l","Total","0","","","","","","","","","","","","6","","","Data Gap"
"Human_Health","Water_Supply","Arsenic","ug/l","Total","36","36","","","","","","","","","","","10","","","Poor Resolution"
"Human_Health","Water_Supply","Asbestos","fibers/L","","0","","","","","","","","","","","","7,000,000","","","Data Gap"
"Human_Health","Water_Supply","Barium","ug/l","Total","0","","","","","","","","","","","","490","","","Data Gap"
"Human_Health","Water_Supply","Beryllium","ug/l","Total","0","","","","","","","","","","","","4","","","Data Gap"
"Human_Health","Water_Supply","Cadmium","ug/l","Total","36","31","","0","0","1.57","",NA,"0","0","","","5","FALSE","FALSE","Good"
"Human_Health","Water_Supply","Chloride","mg/l","Dissolved","0","","","","","","","","","","","","250","","","Data Gap"
"Human_Health","Water_Supply","Chromium_III","ug/l","Total","0","","","","","","","","","","","","50","","","Data Gap"
"Human_Health","Water_Supply","Chromium_VI","ug/l","Total","0","","","","","","","","","","","","50","","","Data Gap"
"Human_Health","Water_Supply","Copper","ug/l","Total","36","19","","0","0","10.2","",NA,"0","4","","","1000","FALSE","FALSE","Good"
"Human_Health","Water_Supply","Cyanide","mg/l","Free Available","0","","","","","","","","","","","","0.2","","","Data Gap"
"Human_Health","Water_Supply","Dissolved_Oxygen","mg/l","Dissolved","0","","","","","","","","","","","","3","","","Data Gap"
"Human_Health","Water_Supply","E_coli","cfu/100ml","","0","","","","","","","","","","","","630","","","Data Gap"
"Human_Health","Water_Supply","Fluoride","mg/l","Dissolved","0","","","","","","","","","","","","2","","","Data Gap"
"Human_Health","Water_Supply","Iron","ug/l","Dissolved","36","12","","0","29.5","115","",NA,"0","63","","","300","FALSE","FALSE","Good"
"Human_Health","Water_Supply","Lead","ug/l","Total","36","35","","0","0","4","",NA,"0","0","","","50","FALSE","FALSE","Good"
"Human_Health","Water_Supply","Manganese","ug/l","Dissolved","36","1","","0","13.8","69.2","",NA,"7.025","21.225","","","50","TRUE","FALSE","Good"
"Human_Health","Water_Supply","Mercury","ug/l","Total","0","","","","","","","","","","","","2","","","Data Gap"
"Human_Health","Water_Supply","Molybdenum","ug/l","Total","0","","","","","","","","","","","","210","","","Data Gap"
"Human_Health","Water_Supply","Nickel","ug/l","Total","0","","","","","","","","","","","","100","","","Data Gap"
"Human_Health","Water_Supply","Nitrate_N","mg/l as N","Dissolved","0","","","","","","","","","","","","10","","","Data Gap"
"Human_Health","Water_Supply","Nitrite_N","mg/l as N","Dissolved","0","","","","","","","","","","","","1","","","Data Gap"
"Human_Health","Water_Supply","Selenium","ug/l","Total","36","36","","","","","","","","","","","50","","","Poor Resolution"
"Human_Health","Water_Supply","Silver","ug/l","Total","0","","","","","","","","","","","","100","","","Data Gap"
"Human_Health","Water_Supply","Sulfate","mg/l","Dissolved","0","","","","","","","","","","","","250","","","Data Gap"
"Human_Health","Water_Supply","Sulfide_H2S","mg/l","Dissolved","0","","","","","","","","","","","","0.05","","","Data Gap"
"Human_Health","Water_Supply","Thallium","ug/l","Total","0","","","","","","","","","","","","0.5","","","Data Gap"
"Human_Health","Water_Supply","Uranium","ug/l","Total","0","","","","","","","","","","","","16.8","","","Data Gap"
"Human_Health","Water_Supply","Zinc","ug/l","Total","36","4","","0","14.9","129.2","",NA,"7.3","35.175","","","5000","FALSE","FALSE","Good"
"Human_Health","Water_Supply","pH","Std. Units","","43","0","CORIVWCH_WQX","7.54","8.3","8.89","","2022-10-07","8.189","8.663","","","5.0,9.0","FALSE","FALSE","Good"
"Human_Health","Fish_Ingestion","Antimony","ug/l","Total","0","","","","","","","","","","","","640","","","Data Gap"
"Human_Health","Fish_Ingestion","Arsenic","ug/l","Total","36","36","","","","","","","","","","","7.6","","","Poor Resolution"
"Human_Health","Fish_Ingestion","Nickel","ug/l","Total","0","","","","","","","","","","","","4600","","","Data Gap"
"Human_Health","Fish_Ingestion","Selenium","ug/l","Total","36","36","","","","","","","","","","","4200","","","Poor Resolution"
"Human_Health","Fish_Ingestion","Thallium","ug/l","Total","0","","","","","","","","","","","","0.47","","","Data Gap"
"Human_Health","Fish_Ingestion","Zinc","ug/l","Total","36","4","","0","14.9","129.2","",NA,"7.3","35.175","","","26000","FALSE","TRUE","Poor"
"Human_Health","Fish_Water","Antimony","ug/l","Total","0","","","","","","","","","","","","5.6","","","Data Gap"
"Human_Health","Fish_Water","Arsenic","ug/l","Total","36","36","","","","","","","","","","","0.02","","","Poor Resolution"
"Human_Health","Fish_Water","Chromium_VI","ug/l","Total","0","","","","","","","","","","","","100","","","Data Gap"
"Human_Health","Fish_Water","Copper","ug/l","Total","36","19","","0","0","10.2","",NA,"0","4","","","1300","FALSE","FALSE","Good"
"Human_Health","Fish_Water","Nickel","ug/l","Total","0","","","","","","","","","","","","610","","","Data Gap"
"Human_Health","Fish_Water","Selenium","ug/l","Total","36","36","","","","","","","","","","","170","","","Poor Resolution"
"Human_Health","Fish_Water","Thallium","ug/l","Total","0","","","","","","","","","","","","0.24","","","Data Gap"
"Human_Health","Fish_Water","Zinc","ug/l","Total","36","4","","0","14.9","129.2","",NA,"7.3","35.175","","","7400","FALSE","FALSE","Good"
"Agriculture","Water_Supply","Arsenic","ug/l","Total","36","36","","","","","","","","","","","100","","","Poor Resolution"
"Agriculture","Water_Supply","Beryllium","ug/l","Total","0","","","","","","","","","","","","100","","","Data Gap"
"Agriculture","Water_Supply","Boron","mg/l","Dissolved","0","","","","","","","","","","","","0.75","","","Data Gap"
"Agriculture","Water_Supply","Cadmium","ug/l","Total","36","31","","0","0","1.57","",NA,"0","0","","","10","FALSE","FALSE","Good"
"Agriculture","Water_Supply","Chromium_III","ug/l","Total","0","","","","","","","","","","","","100","","","Data Gap"
"Agriculture","Water_Supply","Chromium_VI","ug/l","Total","0","","","","","","","","","","","","100","","","Data Gap"
"Agriculture","Water_Supply","Copper","ug/l","Total","36","19","","0","0","10.2","",NA,"0","4","","","200","FALSE","FALSE","Good"
"Agriculture","Water_Supply","Cyanide","mg/l","Dissolved","0","","","","","","","","","","","","0.2","","","Data Gap"
"Agriculture","Water_Supply","Lead","ug/l","Total","36","35","","0","0","4","",NA,"0","0","","","100","FALSE","FALSE","Good"
"Agriculture","Water_Supply","Manganese","ug/l","Total","36","0","","8","21.25","107.1","",NA,"16.25","34.875","","","200","FALSE","FALSE","Good"
"Agriculture","Water_Supply","Molybdenum","ug/l","Total","0","","","","","","","","","","","","300","","","Data Gap"
"Agriculture","Water_Supply","Nickel","ug/l","Total","0","","","","","","","","","","","","200","","","Data Gap"
"Agriculture","Water_Supply","Nitrate_N","mg/l as N","Dissolved","0","","","","","","","","","","","","100","","","Data Gap"
"Agriculture","Water_Supply","Nitrite_N","mg/l as N","Dissolved","0","","","","","","","","","","","","10","","","Data Gap"
"Agriculture","Water_Supply","Selenium","ug/l","Total","36","36","","","","","","","","","","","20","","","Poor Resolution"
"Agriculture","Water_Supply","Zinc","ug/l","Total","36","4","","0","14.9","129.2","",NA,"7.3","35.175","","","2000","FALSE","FALSE","Good"
