"UseClass","Category","Indicator","Units","valueType","n","Censored","Organization","Minimum","Median","Maximum","Severity","DateOfMax","Percentile_15th","Percentile_85th","Kendal_Slope","Kendal_pValue","standard","StandardsExceeded","Impaired","Assessment"
"Aquatic_Life","Physical","Dissolved_Oxygen","mg/l","Dissolved","0","","","","","","","","","","","","7","","","Data Gap"
"Aquatic_Life","Physical","Specific_Conductance","umho/cm","","13","0","CBS","110","163","275","","2018-09-14","127.8","233.6","","","500","FALSE","FALSE","Good"
"Aquatic_Life","Physical","pH","Std. Units","","91","0","CORIVWCH_WQX,CBS","6.63","7.8","8.6","","2018-03-23","7.595","8.155","","","6.5,9.0","FALSE","FALSE","Good"
"Aquatic_Life","Nutrients","Chlorophyll_a","mg/m^2","","0","","","","","","","","","","","","150","","","Data Gap"
"Aquatic_Life","Nutrients","Total_Nitrogen","ug/l","Total","0","","","","","","","","","","","","1250","","","Data Gap"
"Aquatic_Life","Nutrients","Total_Phosphorous","ug/l","Total","0","","","","","","","","","","","","110","","","Data Gap"
"Aquatic_Life","Inorganics","Ammonia","mg/l as N","Total","0","","","","","","","","","","","","((0.0577/(1+10^7.688-pH))+(2.487/(1+10^(pH-7.688)))*min(2.85, 1.45*10^(0.028*(25-temp))))","","","Data Gap"
"Aquatic_Life","Inorganics","Chlorine","mg/l","Total Residual","0","","","","","","","","","","","","0.011","","","Data Gap"
"Aquatic_Life","Inorganics","Cyanide","mg/l","Free Available","0","","","","","","","","","","","","0.005","","","Data Gap"
"Aquatic_Life","Inorganics","Nitrite_N","mg/l as N","Dissolved","0","","","","","","","","","","","","0.05","","","Data Gap"
"Aquatic_Life","Inorganics","Sulfide_H2S","mg/l","","0","","","","","","","","","","","","0.002","","","Data Gap"
"Aquatic_Life","Metals","Aluminum","ug/l","Total","41","20","","0","16","919","",NA,"0","219","","","ifelse(pH >= 7.0, exp(1.3695*(log(hardness))-0.1158), min(87, exp(1.3695*(log(hardness))-0.1158)))","FALSE","FALSE","Good"
"Aquatic_Life","Metals","Arsenic","ug/l","Total","99","60","ERWC","0","0","12812000","","2019-03-21","0","220030","","","150","TRUE","TRUE","Poor"
"Aquatic_Life","Metals","Cadmium","ug/l","Dissolved","100","39","CBS,ERWC","0","1.12","21756000","","2018-03-23","0","489299.999999997","","","1.101672-(log(hardness)*(0.041838))*exp(0.7977*(log(hardness))-3.909)","TRUE","TRUE","Poor"
"Aquatic_Life","Metals","Chromium_III","ug/l","Dissolved","0","","","","","","","","","","","","exp(0.819*(log(hardness))+0.5340)","","","Data Gap"
"Aquatic_Life","Metals","Chromium_VI","ug/l","Dissolved","0","","","","","","","","","","","","11","","","Data Gap"
"Aquatic_Life","Metals","Copper","ug/l","Dissolved","100","27","CBS,ERWC","0","5.1","27557000","","2020-03-10","0","188090","","","0.96*exp(0.5897*(log(hardness))-0.4845)","TRUE","TRUE","Poor"
"Aquatic_Life","Metals","Iron","ug/l","Total","41","0","","135","450","3764","",NA,"237","788","","","1000","TRUE","FALSE","Good"
"Aquatic_Life","Metals","Lead","ug/l","Dissolved","41","41","","","","","","","","","","","(1.46203-(log(hardness)*0.145712))*exp(1.273*(log(hardness))-4.705)","","","Poor Resolution"
"Aquatic_Life","Metals","Manganese","ug/l","Dissolved","44","1","CBS","0","121.9","24000","","2018-03-09","25.17","205.6","","","exp(0.3331*(log(hardness))+5.8743)","TRUE","FALSE","Good"
"Aquatic_Life","Metals","Mercury","ug/l","Total","0","","","","","","","","","","","","0.01","","","Data Gap"
"Aquatic_Life","Metals","Nickel","ug/l","Dissolved","0","","","","","","","","","","","","exp(0.846*(log(hardness))+0.0554)","","","Data Gap"
"Aquatic_Life","Metals","Selenium","ug/l","Dissolved","41","41","","","","","","","","","","","4.6","","","Poor Resolution"
"Aquatic_Life","Metals","Silver","ug/l","Dissolved","0","","","","","","","","","","","","exp(1.72*(log(hardness))-10.51)","","","Data Gap"
"Aquatic_Life","Metals","Thallium","ug/l","Dissolved","0","","","","","","","","","","","","15","","","Data Gap"
"Aquatic_Life","Metals","Uranium","ug/l","Dissolved","0","","","","","","","","","","","","exp(1.1021*(log(hardness))+2.2382)","","","Data Gap"
"Aquatic_Life","Metals","Zinc","ug/l","Dissolved","100","29","CBS,ERWC","0","73.75","14866000","","2018-03-09","0","42249.9999999999","","","ifelse(highMetalSeason == TRUE, 0.986*exp(0.8537*(log(hardness))+1.9593), 0.986*exp(0.8537*(log(hardness))+1.2481))","TRUE","TRUE","Poor"
"Recreation","Contact","Dissolved_Oxygen","mg/l","Dissolved","0","","","","","","","","","","","","3","","","Data Gap"
"Recreation","Contact","E_coli","cfu/100ml","","0","","","","","","","","","","","","126","","","Data Gap"
"Recreation","Contact","pH","Std. Units","","91","0","CORIVWCH_WQX,CBS","6.63","7.8","8.6","","2018-03-23","7.595","8.155","","","6.5,9.0","FALSE","FALSE","Good"
"Human_Health","Water_Supply","Antimony","ug/l","Total","0","","","","","","","","","","","","6","","","Data Gap"
"Human_Health","Water_Supply","Arsenic","ug/l","Total","99","60","ERWC","0","0","12812000","","2019-03-21","0","220030","","","10","TRUE","TRUE","Poor"
"Human_Health","Water_Supply","Asbestos","fibers/L","","0","","","","","","","","","","","","7,000,000","","","Data Gap"
"Human_Health","Water_Supply","Barium","ug/l","Total","0","","","","","","","","","","","","490","","","Data Gap"
"Human_Health","Water_Supply","Beryllium","ug/l","Total","0","","","","","","","","","","","","4","","","Data Gap"
"Human_Health","Water_Supply","Cadmium","ug/l","Total","42","29","ERWC","0","0","2.56","",NA,"0","0.701","","","5","FALSE","FALSE","Good"
"Human_Health","Water_Supply","Chloride","mg/l","Dissolved","0","","","","","","","","","","","","250","","","Data Gap"
"Human_Health","Water_Supply","Chromium_III","ug/l","Total","0","","","","","","","","","","","","50","","","Data Gap"
"Human_Health","Water_Supply","Chromium_VI","ug/l","Total","0","","","","","","","","","","","","50","","","Data Gap"
"Human_Health","Water_Supply","Copper","ug/l","Total","42","10","ERWC","0","3.55","5900","","2021-03-22","0","8.61","","","1000","TRUE","FALSE","Good"
"Human_Health","Water_Supply","Cyanide","mg/l","Free Available","0","","","","","","","","","","","","0.2","","","Data Gap"
"Human_Health","Water_Supply","Dissolved_Oxygen","mg/l","Dissolved","0","","","","","","","","","","","","3","","","Data Gap"
"Human_Health","Water_Supply","E_coli","cfu/100ml","","0","","","","","","","","","","","","630","","","Data Gap"
"Human_Health","Water_Supply","Fluoride","mg/l","Dissolved","0","","","","","","","","","","","","2","","","Data Gap"
"Human_Health","Water_Supply","Iron","ug/l","Dissolved","41","0","","55","163","549","",NA,"101","297","","","300","TRUE","FALSE","Concern"
"Human_Health","Water_Supply","Lead","ug/l","Total","41","33","","0","0","41","",NA,"0","4","","","50","FALSE","FALSE","Good"
"Human_Health","Water_Supply","Manganese","ug/l","Dissolved","44","1","CBS","0","121.9","24000","","2018-03-09","25.17","205.6","","","50","TRUE","TRUE","Poor"
"Human_Health","Water_Supply","Mercury","ug/l","Total","0","","","","","","","","","","","","2","","","Data Gap"
"Human_Health","Water_Supply","Molybdenum","ug/l","Total","0","","","","","","","","","","","","210","","","Data Gap"
"Human_Health","Water_Supply","Nickel","ug/l","Total","0","","","","","","","","","","","","100","","","Data Gap"
"Human_Health","Water_Supply","Nitrate_N","mg/l as N","Dissolved","0","","","","","","","","","","","","10","","","Data Gap"
"Human_Health","Water_Supply","Nitrite_N","mg/l as N","Dissolved","0","","","","","","","","","","","","1","","","Data Gap"
"Human_Health","Water_Supply","Selenium","ug/l","Total","41","41","","","","","","","","","","","50","","","Poor Resolution"
"Human_Health","Water_Supply","Silver","ug/l","Total","0","","","","","","","","","","","","100","","","Data Gap"
"Human_Health","Water_Supply","Sulfate","mg/l","Dissolved","0","","","","","","","","","","","","250","","","Data Gap"
"Human_Health","Water_Supply","Sulfide_H2S","mg/l","Dissolved","0","","","","","","","","","","","","0.05","","","Data Gap"
"Human_Health","Water_Supply","Thallium","ug/l","Total","0","","","","","","","","","","","","0.5","","","Data Gap"
"Human_Health","Water_Supply","Uranium","ug/l","Total","0","","","","","","","","","","","","16.8","","","Data Gap"
"Human_Health","Water_Supply","Zinc","ug/l","Total","42","0","ERWC","11","93.15","822000","","2021-03-22","27.18","311.875","","","5000","TRUE","FALSE","Good"
"Human_Health","Water_Supply","pH","Std. Units","","91","0","CORIVWCH_WQX,CBS","6.63","7.8","8.6","","2018-03-23","7.595","8.155","","","5.0,9.0","FALSE","FALSE","Good"
"Human_Health","Fish_Ingestion","Antimony","ug/l","Total","0","","","","","","","","","","","","640","","","Data Gap"
"Human_Health","Fish_Ingestion","Arsenic","ug/l","Total","99","60","ERWC","0","0","12812000","","2019-03-21","0","220030","","","7.6","TRUE","TRUE","Poor"
"Human_Health","Fish_Ingestion","Nickel","ug/l","Total","0","","","","","","","","","","","","4600","","","Data Gap"
"Human_Health","Fish_Ingestion","Selenium","ug/l","Total","41","41","","","","","","","","","","","4200","","","Poor Resolution"
"Human_Health","Fish_Ingestion","Thallium","ug/l","Total","0","","","","","","","","","","","","0.47","","","Data Gap"
"Human_Health","Fish_Ingestion","Zinc","ug/l","Total","42","0","ERWC","11","93.15","822000","","2021-03-22","27.18","311.875","","","26000","TRUE","TRUE","Poor"
"Human_Health","Fish_Water","Antimony","ug/l","Total","0","","","","","","","","","","","","5.6","","","Data Gap"
"Human_Health","Fish_Water","Arsenic","ug/l","Total","99","60","ERWC","0","0","12812000","","2019-03-21","0","220030","","","0.02","TRUE","TRUE","Poor"
"Human_Health","Fish_Water","Chromium_VI","ug/l","Total","0","","","","","","","","","","","","100","","","Data Gap"
"Human_Health","Fish_Water","Copper","ug/l","Total","42","10","ERWC","0","3.55","5900","","2021-03-22","0","8.61","","","1300","TRUE","FALSE","Good"
"Human_Health","Fish_Water","Nickel","ug/l","Total","0","","","","","","","","","","","","610","","","Data Gap"
"Human_Health","Fish_Water","Selenium","ug/l","Total","41","41","","","","","","","","","","","170","","","Poor Resolution"
"Human_Health","Fish_Water","Thallium","ug/l","Total","0","","","","","","","","","","","","0.24","","","Data Gap"
"Human_Health","Fish_Water","Zinc","ug/l","Total","42","0","ERWC","11","93.15","822000","","2021-03-22","27.18","311.875","","","7400","TRUE","FALSE","Good"
"Agriculture","Water_Supply","Arsenic","ug/l","Total","99","60","ERWC","0","0","12812000","","2019-03-21","0","220030","","","100","TRUE","TRUE","Poor"
"Agriculture","Water_Supply","Beryllium","ug/l","Total","0","","","","","","","","","","","","100","","","Data Gap"
"Agriculture","Water_Supply","Boron","mg/l","Dissolved","0","","","","","","","","","","","","0.75","","","Data Gap"
"Agriculture","Water_Supply","Cadmium","ug/l","Total","42","29","ERWC","0","0","2.56","",NA,"0","0.701","","","10","FALSE","FALSE","Good"
"Agriculture","Water_Supply","Chromium_III","ug/l","Total","0","","","","","","","","","","","","100","","","Data Gap"
"Agriculture","Water_Supply","Chromium_VI","ug/l","Total","0","","","","","","","","","","","","100","","","Data Gap"
"Agriculture","Water_Supply","Copper","ug/l","Total","42","10","ERWC","0","3.55","5900","","2021-03-22","0","8.61","","","200","TRUE","FALSE","Good"
"Agriculture","Water_Supply","Cyanide","mg/l","Dissolved","0","","","","","","","","","","","","0.2","","","Data Gap"
"Agriculture","Water_Supply","Lead","ug/l","Total","41","33","","0","0","41","",NA,"0","4","","","100","FALSE","FALSE","Good"
"Agriculture","Water_Supply","Manganese","ug/l","Total","41","0","","23.4","136","655.5","",NA,"36.5","220.1","","","200","TRUE","FALSE","Concern"
"Agriculture","Water_Supply","Molybdenum","ug/l","Total","0","","","","","","","","","","","","300","","","Data Gap"
"Agriculture","Water_Supply","Nickel","ug/l","Total","0","","","","","","","","","","","","200","","","Data Gap"
"Agriculture","Water_Supply","Nitrate_N","mg/l as N","Dissolved","0","","","","","","","","","","","","100","","","Data Gap"
"Agriculture","Water_Supply","Nitrite_N","mg/l as N","Dissolved","0","","","","","","","","","","","","10","","","Data Gap"
"Agriculture","Water_Supply","Selenium","ug/l","Total","41","41","","","","","","","","","","","20","","","Poor Resolution"
"Agriculture","Water_Supply","Zinc","ug/l","Total","42","0","ERWC","11","93.15","822000","","2021-03-22","27.18","311.875","","","2000","TRUE","FALSE","Good"
